Filename,Category,Predicted,Actual,Matched,Distance
Account_2,OOP_prepared,"[85, 43, 44, 45, 46, 67, 18, 69, 70, 71, 74, 75, 76, 77, 78, 80, 81]","[85, 3, 4, 5, 6, 7, 44, 45, 46, 86, 74, 77, 78]",False,0.6140350877192983
Account_2,OOP_prepared,"[85, 43, 44, 45, 46, 67, 18, 69, 70, 71, 74, 75, 76, 77, 78, 80, 81]","[85, 3, 4, 5, 6, 7, 44, 45, 46, 86, 74, 75, 78]",False,0.6140350877192983
Account_2,OOP_prepared,"[85, 2, 3, 4, 5, 6, 7, 2, 3, 4, 5, 6, 7, 2, 3, 4, 5, 6, 7, 2, 3, 4, 5, 6, 7, 2, 3, 4, 5, 6, 7, 89, 45, 46, 2, 3, 4, 5, 6, 7, 2, 3, 4, 5, 6, 7, 2, 3, 4, 5, 6, 7, 2, 3, 4, 5, 6, 7, 90, 45, 46, 2, 3, 4, 5, 6, 7, 2, 3, 4, 5, 6, 7, 2, 3, 4, 5, 6, 7, 2, 3, 4, 5, 6, 7, 91, 45, 46, 2, 3, 4, 5, 6, 7, 2, 3, 4, 5, 6, 7, 2, 3, 4, 5, 6, 7, 94, 74, 75, 76, 77, 2, 3, 4, 5, 6, 7, 2, 3, 4, 5, 6, 7, 95, 69, 70, 71, 2, 3, 4, 5, 6, 7, 2, 3, 4, 5, 6, 7, 96, 74, 75, 76, 77, 2, 3, 4, 5, 6, 7, 2, 3, 4, 5, 6, 7, 97, 69, 70, 71, 2, 3, 4, 5, 6, 7, 2, 3, 4, 5, 6, 7, 98, 74, 75, 76, 77, 2, 3, 4, 5, 6, 7, 2, 3, 4, 5, 6, 7, 101, 32, 33, 2, 3, 4, 5, 6, 7, 2, 3, 4, 5, 6, 7, 102, 32, 33, 2, 3, 4, 5, 6, 7, 2, 3, 4, 5, 6, 7, 103, 32, 33]","[85, 3, 4, 5, 6, 7, 86, 3, 4, 5, 6, 7, 87, 3, 4, 5, 6, 7, 89, 44, 45, 46, 90, 44, 45, 46, 91, 44, 45, 46, 94, 74, 77, 78, 95, 70, 71, 96, 74, 75, 78, 97, 70, 71, 98, 74, 77, 78, 101, 33, 70, 71, 102, 33, 74, 77, 78, 103, 33, 70, 71]",False,0.06794055201698514
Account_2,OOP_prepared,"[86, 2, 3, 6, 7, 2, 3, 6, 7, 2, 3, 6, 7, 2, 3, 5, 2, 3, 6, 7, 2, 3, 5, 2, 3, 6, 7, 2, 3, 5, 2, 3, 6, 7, 2, 3, 5, 2, 3, 6, 7, 2, 3, 5, 2, 3, 6, 7, 2, 3, 5, 2, 3, 6, 7, 2, 3, 5, 2, 3, 6, 7, 2, 3, 5, 2, 3, 6, 7, 2, 3, 5, 2, 3, 6, 7, 2, 3, 5, 2, 3, 6, 7, 2, 3, 5, 2, 3, 6, 7, 2, 3, 5, 2, 3, 6, 7, 2, 3, 5, 2, 3, 6, 7, 2, 3, 5, 2, 3, 6, 7, 2, 3, 5, 2, 3, 6, 7, 2, 3, 5, 2, 3, 6, 7, 2, 3, 5, 2, 3, 6, 7, 2, 3, 5, 2, 3, 6, 7, 2, 3, 5, 2, 3, 6, 7, 2, 3, 5, 2, 3, 6, 7, 2, 3, 5, 2, 3, 6, 7, 2, 3, 5, 2, 3, 6, 7, 2, 3, 5, 2, 3, 6, 7, 2, 3, 5, 2, 3, 6, 7, 2, 3, 5, 2, 3, 6, 7, 2, 3, 5, 2, 3, 6, 7, 2, 3, 5, 2, 3, 6, 7, 2, 3, 5, 2, 3, 6, 7, 2, 3, 5, 2, 3, 6, 7, 2, 3, 5, 2, 3, 6, 7, 2, 3, 5, 2, 3, 6, 7, 2, 3, 5, 2, 3, 6, 7, 2, 3, 5, 2, 3, 6, 7, 2, 3, 5, 2, 3, 6, 7, 2, 3, 5, 2, 3, 6, 7, 2, 3, 5, 2, 3, 6, 7, 2, 3, 5, 2, 3, 6, 7, 2, 3, 5, 2, 3, 6, 7, 2, 3, 5, 2, 3, 6, 7, 2, 3, 5, 2, 3, 6, 7, 2, 3, 5, 2, 3, 6, 7, 2, 3, 5, 2, 3, 6, 7, 2, 3, 5, 2, 3, 6, 7, 2, 3, 5, 2, 3, 6, 7, 2, 3, 5, 2, 3, 6, 7, 2, 3, 5, 2, 3, 6, 7, 2, 3, 5, 2, 3, 6, 7, 2, 3, 5, 2, 3, 6, 7, 2, 3, 5, 2, 3, 6, 7, 2, 3, 5, 2, 3, 6, 7, 2, 3, 5, 2, 3, 6, 7, 2, 3, 5, 2, 3, 6, 7, 2, 3, 5, 2, 3, 6, 7, 2, 3, 5, 2, 3, 6, 7, 2, 3, 5, 2, 3, 6, 7, 2, 3, 5, 2, 3, 6, 7, 2, 3, 5, 2, 3, 6, 7, 2, 3, 5, 2, 3, 6, 7, 2, 3, 5, 2, 3, 6, 7, 2, 3, 5, 2, 3, 6, 7, 2, 3, 5, 2, 3, 6, 7, 2, 3, 5, 2, 3, 6, 7, 2, 3, 5, 2, 3, 6, 7, 2, 3, 5, 2, 3, 6, 7, 2, 3, 5, 2, 3, 6, 7, 2, 3, 5, 2, 3, 6, 7, 2, 3, 5, 2, 3, 6, 7, 2, 3, 5, 2, 3, 6, 7, 2, 3, 5, 2, 3, 6, 7, 2, 3, 5, 2, 3, 6, 7, 2, 3, 5, 2, 3, 6, 7, 2, 3, 5, 2, 3, 6, 7, 2, 3, 5, 2, 3, 6, 7, 2, 3, 5, 2, 3, 6, 7, 2, 3, 5, 2, 3, 6, 7, 2, 3, 5, 2, 3, 6, 7, 2, 3, 5, 2, 3, 6, 7, 2, 3, 5, 2, 3, 6, 7, 2, 3, 5, 2, 3, 6, 7, 2, 3, 5, 2, 3, 6, 7, 2, 3, 5, 2, 3, 6, 7, 2, 3, 5, 2, 3, 6, 7, 2, 3, 5, 2, 3, 6, 7, 2, 3, 5, 2, 3, 6, 7, 2, 3, 5, 2, 3, 6, 7, 2, 3, 5, 2, 3, 6, 7, 2, 3, 5, 2, 3, 6, 7, 2, 3, 5, 2, 3, 6, 7, 2, 3, 5, 2, 3, 6, 7, 2, 3, 5, 2, 3, 6, 7, 2, 3, 5, 2, 3, 6, 7, 2, 3, 5, 2, 3, 6, 7, 2, 3, 5, 2, 3, 6, 7, 2, 3, 5, 2, 3, 6, 7, 2, 3, 5, 2, 3, 6, 7, 2, 3, 5, 2, 3, 6, 7, 2, 3, 5, 2, 3, 6, 7, 2, 3, 5, 2, 3, 6, 7, 2, 3, 5, 2, 3, 6, 7, 2, 3, 5, 2, 3, 6, 7, 2, 3, 5, 2, 3, 6, 7, 2, 3, 5, 2, 3, 6, 7, 2, 3, 5, 2, 3, 6, 7, 2, 3, 5, 2, 3, 6, 7, 2, 3, 5, 2, 3, 6, 7, 2, 3, 5, 2, 3, 6, 7, 2, 3, 5, 2, 3, 6, 7, 2, 3, 5, 2, 3, 6, 7, 2, 3, 5, 2, 3, 6, 7, 2, 3, 5, 2, 3, 6, 7, 2, 3, 5, 2, 3, 6, 7, 2, 3, 5, 2, 3, 6, 7, 2, 3, 5, 2, 3, 6, 7, 2, 3, 5, 2, 3, 6, 7, 2, 3, 5, 2, 3, 6, 7, 2, 3, 5, 2, 3, 6, 7, 2, 3, 5, 2, 3, 6, 7, 2, 3, 5, 2, 3, 6, 7, 2, 3, 5, 2, 3, 6, 7, 2, 3, 5, 2, 3, 6, 7, 2, 3, 5, 2, 3, 6, 7, 2, 3, 5, 2, 3, 6, 7, 2, 3, 5, 2, 3, 6, 7, 2, 3, 5, 2, 3, 6, 7, 2, 3, 5, 2, 3, 6, 7, 2, 3, 5, 2, 3, 6, 7, 2, 3, 5, 2, 3, 6, 7, 2, 3, 5, 2, 3, 6, 7, 2, 3, 5, 2, 3, 6, 7, 2, 3, 5, 2, 3, 6, 7, 2, 3, 5, 2, 3, 6, 7, 2, 3, 5, 2, 3, 6, 7, 2, 3, 5, 2, 3, 6, 7, 2, 3, 5, 2, 3, 6, 7, 2, 3, 5, 2, 3, 6, 7, 2, 3, 5, 2, 3, 6, 7, 2, 3, 5, 2, 3, 6, 7, 2, 3, 5, 2, 3, 6, 7, 2, 3, 5, 2, 3, 6, 7, 2, 3, 5, 2, 3, 6, 7, 2, 3, 5, 2, 3, 6, 7, 2, 3, 5, 2, 3, 6, 7, 2, 3, 5, 2, 3, 6, 7, 2, 3, 5, 2, 3, 6, 7, 2, 3, 5, 2, 3, 6, 7, 2, 3, 5, 2, 3, 6, 7, 2, 3, 5, 2, 3, 6, 7, 2, 3, 5, 2, 3, 6, 7, 2, 3, 5, 2, 3, 6, 7, 2, 3, 5, 2, 3, 6, 7, 2, 3, 5, 2, 3, 6, 7, 2, 3, 5, 2, 3, 6, 7, 2, 3, 5, 2, 3, 6, 7, 2, 3, 5, 2, 3, 6, 7, 2, 3, 5, 2, 3, 6, 7, 2, 3, 5, 2, 3, 6, 7, 2, 3, 5, 2, 3, 6, 7, 2, 3, 5, 2, 3, 6, 7, 2, 3, 5, 2, 3, 6, 7, 2, 3, 5, 2, 3, 6, 7, 2, 3, 5, 2, 3, 6, 7, 2, 3, 5, 2, 3, 6, 7, 2, 3, 5, 2, 3, 6, 7, 2, 3, 5, 2, 3, 6, 7, 2, 3, 5, 2, 3, 6, 7, 2, 3, 5, 2, 3, 6, 7, 2, 3, 5, 2, 3, 6, 7, 2, 3, 5, 2, 3, 6, 7, 2, 3, 5, 2, 3, 6, 7, 2, 3, 5, 2, 3, 6, 7, 2, 3, 5, 2, 3, 6, 7, 2, 3, 5, 2, 3, 6, 7, 2, 3, 5, 2, 3, 6, 7, 2, 3, 5, 2, 3, 6, 7, 2, 3, 5, 2, 3, 6, 7, 2, 3, 5, 2, 3, 6, 7, 2, 3, 5, 2, 3, 6, 7, 2, 3, 5, 2, 3, 6, 7, 2, 3, 5, 2, 3, 6, 7, 2, 3, 5, 2, 3, 6, 7, 2, 3, 5, 2, 3, 6, 7, 2, 3, 5, 2, 3, 6, 7, 2, 3, 5, 2, 3, 6, 7, 2, 3, 5, 2, 3, 6, 7, 2, 3, 5, 2, 3, 6, 7, 2, 3, 5, 2, 3, 6, 7, 2, 3, 5, 2, 3, 6, 7, 2, 3, 5, 2, 3, 6, 7, 2, 3, 5, 2, 3, 6, 7, 2, 3, 5, 2, 3, 6, 7, 2, 3, 5, 2, 3, 6, 7, 2, 3, 5, 2, 3, 6, 7, 2, 3, 5, 2, 3, 6, 7, 2, ","[86, 3, 4, 5, 6, 7, 87, 3, 4, 5, 6, 7, 88, 3, 4, 5, 6, 7, 90, 44, 45, 46, 91, 44, 45, 46, 92, 44, 45, 46, 95, 96, 74, 77, 78, 97, 33, 70, 71, 100, 74, 77, 78, 101, 70, 71]",False,0.002343566908835247
Account_2,OOP_prepared,"[84, 86, 2, 3, 4, 5, 6, 7, 87, 2, 3, 4, 5, 6, 7, 88, 2, 3, 4, 5, 6, 7, 90, 45, 46, 91, 45, 46, 92, 45, 46, 95, 67, 33, 97, 67, 33, 100, 101, 74, 75, 105, 106]","[86, 3, 4, 5, 6, 7, 87, 3, 4, 5, 6, 7, 88, 3, 4, 5, 6, 7, 90, 44, 45, 46, 91, 44, 45, 46, 92, 44, 45, 46, 95, 33, 70, 71, 96, 74, 77, 78, 97, 33, 70, 71, 100, 101, 74, 77, 78, 102, 33, 70, 71, 105, 70, 71, 106, 74, 77, 78]",False,0.05804749340369393
Account,OOP_prepared,"[48, 49, 50, 51, 36, 37, 38, 39, 37, 38, 39, 40]","[49, 3, 4, 5, 50, 3, 4, 5, 51, 37, 38, 39, 42]",False,0.7849462365591398
Account,OOP_prepared,"[51, 2, 3, 4, 5, 7, 8, 51, 2, 3, 4, 5, 7, 8, 56, 25, 26, 27, 51, 2, 3, 4, 5, 7, 8, 57, 25, 26, 27, 51, 2, 3, 4, 5, 7, 8, 58, 25, 26, 27, 52, 2, 3, 4, 5, 7, 8, 61, 36, 37, 38, 39, 52, 2, 3, 4, 5, 7, 8, 62, 36, 37, 38, 39, 52, 2, 3, 4, 5, 7, 8, 64, 29, 30, 31, 34, 52, 2, 3, 4, 5, 7, 8, 65, 29, 30, 31, 34, 53, 2, 3, 4, 5, 7, 8]","[51, 3, 4, 5, 52, 3, 4, 5, 53, 3, 4, 5, 56, 26, 27, 57, 26, 27, 58, 26, 27, 61, 37, 38, 39, 42, 62, 37, 38, 39, 42, 64, 30, 31, 34, 65, 30, 33, 34, 66, 30, 31, 34]",False,0.25614754098360654
Account,OOP_prepared,"[48, 49, 50, 51, 52, 53, 54, 30, 31, 54, 30, 31, 56, 30, 31]","[49, 3, 4, 5, 50, 3, 4, 5, 51, 3, 4, 5, 54, 30, 33, 34, 55, 30, 33, 34, 56, 30, 31, 34]",False,0.7534246575342466
Account,OOP_prepared,"[47, 48, 49, 50, 51, 52, 53, 54, 55, 56, 57, 58, 59, 60, 61, 62, 63, 64, 65, 66]","[49, 3, 4, 5, 50, 3, 4, 5, 51, 3, 4, 5, 54, 26, 27, 55, 26, 27, 56, 26, 27, 59, 30, 31, 34, 60, 30, 31, 34, 61, 30, 31, 34, 64, 30, 33, 34]",False,0.6330275229357798
Account,OOP_prepared,"[51, 52, 55, 30, 31, 30, 31, 37, 38, 39, 40, 41, 42, 70, 11, 71, 8, 74, 17, 75, 14, 78, 23, 79, 20]","[51, 3, 4, 5, 52, 3, 4, 5, 55, 26, 27, 58, 30, 31, 34, 61, 30, 33, 34, 64, 37, 38, 39, 42, 67, 37, 41, 42, 70, 11, 71, 8, 74, 17, 75, 14, 78, 23, 79, 20]",False,0.7768924302788844
AnimalAbstract,OOP_prepared,"[44, 45, 47, 18, 19, 18, 19]","[45, 10, 46, 23, 47, 19]",False,0.5686274509803921
AnimalAbstract,OOP_prepared,"[45, 46, 47, 48, 18, 19, 15, 16]","[46, 23, 47, 10, 48, 32]",False,0.6181818181818182
AnimalAbstract,OOP_prepared,"[47, 18, 19, 21, 9, 38, 39, 41, 42]","[45, 23, 46, 23, 47, 32]",False,0.25862068965517243
AnimalAbstract,OOP_prepared,"[44, 45, 46, 47, 48]","[45, 46, 47, 48]",False,0.8857142857142857
AnimalAbstract,OOP_prepared,"[44, 45, 46, 47, 18, 19, 48, 49, 4, 50, 51]","[45, 36, 46, 23, 47, 32, 48, 49, 50, 51]",False,0.8048780487804879
Animals,OOP_prepared,"[43, 5, 6, 44, 24, 25, 45, 21, 22]","[43, 19, 11, 3, 44, 25, 14, 6, 45, 22]",False,0.7605633802816901
Animals,OOP_prepared,"[42, 43, 44, 45, 38, 39, 32, 33, 35, 36, 38, 39]","[43, 30, 11, 3, 44, 39, 14, 6, 45, 33]",False,0.43529411764705883
Animals,OOP_prepared,"[42, 43, 44, 45, 29, 30, 35, 36, 38, 29, 30, 35, 36]","[43, 30, 11, 3, 44, 30, 11, 3, 45, 36]",False,0.6292134831460674
Animals,OOP_prepared,"[43, 44, 5, 11, 6, 45, 46, 10, 11, 6, 38, 39]","[43, 19, 11, 3, 44, 25, 14, 6, 45, 11, 3, 46, 14, 6]",False,0.65625
Animals,OOP_prepared,"[42, 43, 5, 6, 43, 5, 6, 45, 5, 6, 45, 5, 6]","[43, 3, 44, 6, 45, 3, 46, 6]",False,0.7183098591549296
Animal,OOP_prepared,"[48, 49, 10, 11, 13, 14, 16, 17, 19, 20, 51, 10, 11, 13, 14, 16, 17]","[49, 11, 3, 50, 11, 3, 51, 20]",False,0.4536082474226804
Animal,OOP_prepared,"[48, 49, 10, 11, 13, 14, 16, 17, 19, 20, 50, 10, 11, 13, 14, 16, 17, 19, 20, 51]","[49, 11, 3, 50, 25, 11, 3, 51, 20]",False,0.504424778761062
Animal,OOP_prepared,"[48, 49, 50, 51, 25, 28, 33, 34]","[49, 25, 11, 3, 50, 25, 11, 3, 51, 34]",False,0.5362318840579711
Animal,OOP_prepared,"[48, 49, 50, 44, 45, 44, 45]","[49, 39, 3, 50, 51, 45]",False,0.72
Animal,OOP_prepared,"[48, 49, 2, 3, 50, 51, 5, 6, 52, 53]","[49, 3, 50, 51, 6, 52, 53]",False,0.8360655737704918
Ball,OOP_prepared,"[54, 55, 40, 41, 50, 53, 2, 3, 2, 3, 2, 3, 2, 4]","[54, 3, 4, 5, 6, 7, 55, 40, 41, 56, 50]",False,0.5232558139534884
Ball,OOP_prepared,"[52, 53, 54, 49, 50, 56, 57, 58, 49, 50]","[53, 3, 4, 5, 6, 7, 54, 40, 41, 55, 50, 56, 44, 57, 47, 58, 40, 41]",False,0.6886792452830188
Ball,OOP_prepared,"[54, 55, 39, 40, 41, 55, 39, 40, 41, 57, 46, 39, 40, 41, 59]","[54, 3, 4, 5, 6, 7, 55, 44, 56, 40, 41, 57, 47, 58, 40, 41, 59, 50]",False,0.7222222222222222
Ball,OOP_prepared,"[54, 55, 56, 40, 41, 55, 56, 40, 41, 57, 55, 56, 40, 41, 59, 55, 56, 40, 41, 60]","[54, 3, 4, 5, 6, 7, 55, 56, 40, 41, 55, 56, 40, 41, 55, 56, 40, 41, 55, 57, 44, 58, 40, 41, 59, 47, 60, 50]",False,0.7634408602150538
Ball,OOP_prepared,"[55, 56, 50, 57, 50, 58]","[55, 3, 4, 5, 6, 7, 56, 50, 57, 40, 41, 58, 50]",False,0.6571428571428571
Book1_,OOP_prepared,"[71, 37, 38, 39, 40, 42, 48, 49, 54, 60, 66, 72]","[71, 3, 4, 5, 6, 37, 38, 39, 40, 72, 67, 32]",False,0.6483516483516484
Book1_,OOP_prepared,"[71, 2, 3, 5, 6, 36, 37, 38, 39, 40, 42, 37, 48, 31, 67, 73]","[71, 3, 4, 5, 6, 72, 37, 38, 39, 40, 73, 67, 32]",False,0.8317757009345794
Book1_,OOP_prepared,"[71, 2, 3, 5, 6, 36, 37, 38, 39, 40, 42, 37, 48, 51, 52, 54, 57, 58, 60, 63, 64, 66, 67, 70, 71, 2, 3, 5, 6, 36, 37, 38, 39, 40, 42, 37, 48, 51, 52, 54, 57, 58, 60, 63, 64, 66, 67, 70, 72, 36, 37, 38, 39, 40, 45, 46, 48, 51, 52, 54, 57, 58, 60, 63, 64, 66, 67, 70, 73, 60, 74]","[71, 3, 4, 5, 6, 72, 37, 38, 39, 40, 73, 64, 74, 67, 32]",False,0.14803625377643503
Book1_,OOP_prepared,"[71, 2, 3, 5, 6, 36, 37, 38, 39, 40, 42, 45, 46, 54, 57, 58, 66, 67, 70, 71, 2, 3, 5, 6, 36, 37, 38, 39, 40, 42, 45, 46, 54, 57, 58, 66, 67, 73, 57, 58, 66, 67, 74, 54, 57, 58, 66, 67, 75, 66, 67]","[71, 3, 4, 5, 6, 72, 37, 38, 39, 40, 73, 46, 74, 58, 75, 67, 32]",False,0.20077220077220076
Book1_,OOP_prepared,"[71, 2, 3, 5, 6, 36, 37, 38, 39, 40, 42, 37, 45, 46, 48, 52, 54, 57, 58, 60, 64, 66, 67, 70, 72, 36, 37, 38, 39, 40, 42, 37, 45, 46, 48, 52, 54, 57, 58, 60, 64, 66, 67, 70, 73, 63, 64, 70, 74, 57, 58, 70, 75, 66, 67]","[71, 3, 4, 5, 6, 72, 37, 38, 39, 40, 73, 64, 74, 58, 75, 67, 32]",False,0.17562724014336917
Book_2,OOP_prepared,"[75, 38, 37, 39, 40, 67, 70, 71]","[75, 3, 4, 5, 6, 3, 4, 5, 6, 37, 38, 39, 40, 76, 67, 67, 11, 67, 11, 67]",False,0.5728155339805825
Book_2,OOP_prepared,"[75, 36, 37, 38, 39, 40, 42, 67, 69, 70, 71, 77, 67, 11, 67, 11, 67, 11]","[75, 3, 4, 5, 6, 76, 37, 38, 39, 40, 77, 70, 70, 32, 70, 71, 78, 67, 67, 11, 67]",False,0.7152317880794702
Book_2,OOP_prepared,"[75, 36, 37, 38, 39, 40, 42, 45, 46, 48, 51, 52, 54, 57, 58, 60, 63, 64, 66, 67, 69, 70, 71, 76, 36, 37, 38, 39, 40, 42, 45, 46, 48, 51, 52, 54, 57, 58, 60, 63, 64, 66, 67, 69, 70, 71, 77, 63, 64, 79, 66, 67]","[75, 3, 4, 5, 6, 76, 37, 38, 39, 40, 77, 58, 78, 64, 79, 70, 70, 32, 70, 71, 80, 67, 67, 11, 67]",False,0.3102310231023102
Book_2,OOP_prepared,"[75, 2, 3, 5, 6, 2, 3, 5, 6, 36, 37, 38, 39, 40, 42, 43, 45, 46, 48, 49, 51, 52, 54, 55, 57, 58, 60, 61, 63, 64, 66, 67, 69, 70, 71, 74, 76, 37, 38, 39, 40, 42, 43, 45, 46, 48, 49, 51, 52, 54, 55, 57, 58, 60, 61, 63, 64, 66, 67, 78, 70, 71, 79, 67]","[75, 3, 4, 5, 6, 76, 37, 38, 39, 40, 77, 46, 78, 70, 70, 32, 70, 71, 79, 67, 67, 11, 67]",False,0.05970149253731343
Book_2,OOP_prepared,"[75, 2, 3, 5, 6, 2, 3, 5, 6, 2, 3, 5, 6, 2, 3, 5, 6, 2, 3, 5, 6, 2, 3, 5, 6, 2, 3, 5, 6, 2, 3, 5, 6, 2, 3, 5, 6, 2, 3, 5, 6, 2, 3, 5, 6, 2, 3, 5, 6, 2, 3, 5, 6, 2, 3, 5, 6, 2, 3, 5, 6, 2, 3, 5, 6, 2, 3, 5, 6, 2, 3, 5, 6, 2, 3, 5, 6, 2, 3, 5, 6, 2, 3, 5, 6, 2, 3, 5, 6, 2, 3, 5, 6, 2, 3, 5, 6, 2, 3, 5, 6, 2, 3, 5, 6, 2, 3, 5, 6, 2, 3, 5, 6, 2, 3, 5, 6, 2, 3, 5, 6, 2, 3, 5, 6, 2, 3, 5, 6, 2, 3, 5, 6, 2, 3, 5, 6, 2, 3, 5, 6, 2, 3, 5, 6, 2, 3, 5, 6, 2, 3, 5, 6, 2, 3, 5, 6, 2, 3, 5, 6, 2, 3, 5, 6, 2, 3, 5, 6, 2, 3, 5, 6, 2, 3, 5, 6, 2, 3, 5, 6, 2, 3, 5, 6, 2, 3, 5, 6, 2, 3, 5, 6, 2, 3, 5, 6, 2, 3, 5, 6, 2, 3, 5, 6, 2, 3, 5, 6, 2, 3, 5, 6, 2, 3, 5, 6, 2, 3, 5, 6, 2, 3, 5, 6, 2, 3, 5, 6, 2, 3, 5, 6, 2, 3, 5, 6, 2, 3, 5, 6, 2, 3, 5, 6, 2, 3, 5, 6, 2, 3, 5, 6, 2, 3, 5, 6, 2, 3, 5, 6, 2, 3, 5, 6, 2, 3, 5, 6, 2, 3, 5, 6, 2, 3, 5, 6, 2, 3, 5, 6, 2, 3, 5, 6, 2, 3, 5, 6, 2, 3, 5, 6, 2, 3, 5, 6, 2, 3, 5, 6, 2, 3, 5, 6, 2, 3, 5, 6, 2, 3, 5, 6, 2, 3, 5, 6, 2, 3, 5, 6, 2, 3, 5, 6, 2, 3, 5, 6, 2, 3, 5, 6, 2, 3, 5, 6, 2, 3, 5, 6, 2, 3, 5, 6, 2, 3, 5, 6, 2, 3, 5, 6, 2, 3, 5, 6, 2, 3, 5, 6, 2, 3, 5, 6, 2, 3, 5, 6, 2, 3, 5, 6, 2, 3, 5, 6, 2, 3, 5, 6, 2, 3, 5, 6, 2, 3, 5, 6, 2, 3, 5, 6, 2, 3, 5, 6, 2, 3, 5, 6, 2, 3, 5, 6, 2, 3, 5, 6, 2, 3, 5, 6, 2, 3, 5, 6, 2, 3, 5, 6, 2, 3, 5, 6, 2, 3, 5, 6, 2, 3, 5, 6, 2, 3, 5, 6, 2, 3, 5, 6, 2, 3, 5, 6, 2, 3, 5, 6, 2, 3, 5, 6, 2, 3, 5, 6, 2, 3, 5, 6, 2, 3, 5, 6, 2, 3, 5, 6, 2, 3, 5, 6, 2, 3, 5, 6, 2, 3, 5, 6, 2, 3, 5, 6, 2, 3, 5, 6, 2, 3, 5, 6, 2, 3, 5, 6, 2, 3, 5, 6, 2, 3, 5, 6, 2, 3, 5, 6, 2, 3, 5, 6, 2, 3, 5, 6, 2, 3, 5, 6, 2, 3, 5, 6, 2, 3, 5, 6, 2, 3, 5, 6, 2, 3, 5, 6, 2, 3, 5, 6, 2, 3, 5, 6, 2, 3, 5, 6, 2, 3, 5, 6, 2, 3, 5, 6, 2, 3, 5, 6, 2, 3, 5, 6, 2, 3, 5, 6, 2, 3, 5, 6, 2, 3, 5, 6, 2, 3, 5, 6, 2, 3, 5, 6, 2, 3, 5, 6, 2, 3, 5, 6, 2, 3, 5, 6, 2, 3, 5, 6, 2, 3, 5, 6, 2, 3, 5, 6, 2, 3, 5, 6, 2, 3, 5, 6, 2, 3, 5, 6, 2, 3, 5, 6, 2, 3, 5, 6, 2, 3, 5, 6, 2, 3, 5, 6, 2, 3, 5, 6, 2, 3, 5, 6, 2, 3, 5, 6, 2, 3, 5, 6, 2, 3, 5, 6, 2, 3, 5, 6, 2, 3, 5, 6, 2, 3, 5, 6, 2, 3, 5, 6, 2, 3, 5, 6, 2, 3, 5, 6, 2, 3, 5, 6, 2, 3, 5, 6, 2, 3, 5, 6, 2, 3, 5, 6, 2, 3, 5, 6, 2, 3, 5, 6, 2, 3, 5, 6, 2, 3, 5, 6, 2, 3, 5, 6, 2, 3, 5, 6, 2, 3, 5, 6, 2, 3, 5, 6, 2, 3, 5, 6, 2, 3, 5, 6, 2, 3, 5, 6, 2, 3, 5, 6, 2, 3, 5, 6, 2, 3, 5, 6, 2, 3, 5, 6, 2, 3, 5, 6, 2, 3, 5, 6, 2, 3, 5, 6, 2, 3, 5, 6, 2, 3, 5, 6, 2, 3, 5, 6, 2, 3, 5, 6, 2, 3, 5, 6, 2, 3, 5, 6, 2, 3, 5, 6, 2, 3, 5, 6, 2, 3, 5, 6, 2, 3, 5, 6, 2, 3, 5, 6, 2, 3, 5, 6, 2, 3, 5, 6, 2, 3, 5, 6, 2, 3, 5, 6, 2, 3, 5, 6, 2, 3, 5, 6, 2, 3, 5, 6, 2, 3, 5, 6, 2, 3, 5, 6, 2, 3, 5, 6, 2, 3, 5, 6, 2, 3, 5, 6, 2, 3, 5, 6, 2, 3, 5, 6, 2, 3, 5, 6, 2, 3, 5, 6, 2, 3, 5, 6, 2, 3, 5, 6, 2, 3, 5, 6, 2, 3, 5, 6, 2, 3, 5, 6, 2, 3, 5, 6, 2, 3, 5, 6, 2, 3, 5, 6, 2, 3, 5, 6, 2, 3, 5, 6, 2, 3, 5, 6, 2, 3, 5, 6, 2, 3, 5, 6, 2, 3, 5, 6, 2, 3, 5, 6, 2, 3, 5, 6, 2, 3, 5, 6, 2, 3, 5, 6, 2, 3, 5, 6, 2, 3, 5, 6, 2, 3, 5, 6, 2, 3, 5, 6, 2, 3, 5, 6, 2, 3, 5, 6, 2, 3, 5, 6, 2, 3, 5, 6, 2, 3, 5, 6, 2, 3, 5, 6, 2, 3, 5, 6, 2, 3, 5, 6, 2, 3, 5, 6, 2, 3, 5, 6, 2, 3, 5, 6, 2, 3, 5, 6, 2, 3, 5, 6, 2, 3, 5, 6, 2, 3, 5, 6, 2, 3, 5, 6, 2, 3, 5, 6, 2, 3, 5, 6, 2, 3, 5, 6, 2, 3, 5, 6, 2, 3, 5, 6, 2, 3, 5, 6, 2, 3, 5, 6, 2, 3, 5, 6, 2, 3, 5, 6, 2, 3, 5, 6, 2, 3, 5, 6, 2, 3, 5, 6, 2, 3, 5, 6, 2, 3, 5, 6, 2, 3, 5, 6, 2, 3, 5, 6, 2, 3, 5, 6, 2, 3, 5, 6, 2, 3, 5, 6, 2, 3, 5, 6, 2, 3, 5, 6, 2, 3, 5, 6, 2, 3, 5, 6, 2, 3, 5, 6, 2, 3, 5, 6, 2, 3, 5, 6, 2, 3, 5, 6, 2, 3, 5, 6, 2, 3, 5, 6, 2, 3, 5, 6, 2, 3, 5, 6, 2, 3, 5, 6, 2, 3, 5, 6, 2, 3, 5, 6, 2, 3, 5, 6, 2, 3, 5, 6, 2, 3, 5, 6, 2, 3, 5, 6, 2, 3, 5, 6, 2, 3, 5, 6, 2, 3, 5, 6, 2, 3, 5, 6, 2, 3, 5, 6, 2, 3, 5, 6, 2, 3, 5, 6, 2, 3, 5, 6, 2, 3, 5, 6, 2, 3, 5, 6, 2, 3, 5, 6, 2, 3, 5, 6, 2, 3, 5, 6, 2, 3, 5, 6, 2, 3, 5, 6, 2, 3, 5, 6, 2, 3, 5, 6, 2, 3, 5, 6, 2, 3, 5, 6, 2, 3, 5, 6, 2, 3, 5, 6, 2, 3, 5, 6, 2, 3, 5, 6, 2, 3, 5, 6, 2, 3, 5, 6, 2, 3, 5, 6, 2, 3, 5, 6, 2, 3, 5, 6, 2, 3, 5, 6, 2, 3, 5, 6, 2, 3, 5, 6, 2, 3, 5, 6, 2, 3, 5, 6, 2, 3, 5, 6, 2, 3, 5, 6, 2, 3, 5, 6, 2, 3, 5, 6, 2, 3, 5, 6, 2, 3, 5, 6, 2, 3, 5, 6, 2, 3, 5, 6, 2, 3, 5, 6, 2, 3, 5, 6, 2, 3, 5, 6, 2, 3, 5, 6, 2, 3, 5, 6, ","[75, 3, 4, 5, 6, 76, 3, 4, 5, 6, 77, 37, 38, 39, 40, 78, 70, 70, 32, 70, 32, 70, 71, 79, 67, 67, 11, 67, 11, 67]",False,0.002376425855513308
Book_3,OOP_prepared,"[68, 2, 3, 26, 27, 28, 70, 24, 64, 71, 2, 3, 26, 27, 28, 61, 7]","[68, 3, 4, 69, 24, 25, 26, 27, 28, 70, 52, 71, 64, 19]",False,0.646551724137931
Book_3,OOP_prepared,"[68, 2, 3, 5, 6, 7, 69, 24, 25, 26, 27, 28, 30, 31, 70, 61, 2, 7, 71]","[68, 3, 4, 69, 24, 25, 26, 27, 28, 70, 64, 19, 71, 61, 7]",False,0.808
Book_3,OOP_prepared,"[68, 2, 3, 2, 3, 2, 3, 2, 3, 2, 3, 2, 3, 2, 4, 69, 23, 24, 25, 26, 27, 28, 70, 57, 58, 71, 51, 52, 72, 63, 73, 42, 61, 7]","[68, 3, 4, 69, 24, 25, 26, 27, 28, 70, 58, 71, 52, 72, 64, 19, 73, 55]",False,0.5421052631578948
Book_3,OOP_prepared,"[68, 2, 3, 4, 6, 7, 9, 10, 12, 13, 15, 16, 18, 19, 22, 23, 24, 25, 26, 27, 28, 30, 31, 33, 34, 36, 37, 39, 40, 42, 43, 45, 46, 48, 49, 51, 52, 54, 55, 57, 58, 60, 61, 63, 64, 67, 69, 70, 71, 72, 73]","[68, 3, 4, 69, 24, 25, 26, 27, 28, 70, 40, 71, 34, 72, 64, 19, 73, 31]",False,0.0449438202247191
Book_3,OOP_prepared,"[68, 2, 3, 26, 27, 28, 29, 30, 31, 29, 57, 58, 29, 51, 52, 29, 39, 40, 29, 63, 64, 29, 48, 49, 29, 67, 70, 29, 57, 58, 29, 51, 52, 29, 39, 40, 29, 63, 64, 29, 74, 48, 49]","[68, 3, 4, 69, 24, 25, 26, 27, 28, 70, 58, 71, 52, 72, 40, 73, 64, 19, 74, 49]",False,0.20242914979757085
Circle,OOP_prepared,"[25, 26, 3, 4, 5, 7, 8, 9, 11, 12, 13, 15, 16, 18, 19]","[25, 5, 26, 16]",False,0.3382352941176471
Circle,OOP_prepared,"[25, 26, 27, 4, 5, 7, 8, 9, 11, 12, 13, 15, 16, 18, 19, 21, 22]","[26, 5, 27, 16, 19]",False,0.4444444444444444
Circle,OOP_prepared,"[25, 26, 27, 28, 4, 5, 7, 8, 9, 11, 12, 13, 15, 16, 18, 19, 21, 22]","[26, 5, 27, 13, 28, 16, 19]",False,0.5268817204301075
Circle,OOP_prepared,"[25, 26, 27, 28, 29, 3, 4, 5, 7, 8, 9, 11, 12, 13, 15, 16, 17, 18, 19, 21, 22]","[26, 5, 27, 16, 19, 28, 13, 29, 16, 19]",False,0.5344827586206896
Circle,OOP_prepared,"[25, 26, 27, 28, 27, 29, 27, 29]","[26, 5, 27, 16, 19, 28, 13, 29, 16, 19]",False,0.7714285714285715
Container,OOP_prepared,"[1, 72, 73, 74, 75, 76, 78, 81, 87, 90, 93, 96, 102, 105, 114, 115, 116, 117, 120, 121, 122, 123, 130, 131, 132, 133, 134, 135, 136, 48, 51, 67, 58, 59, 62, 58, 59, 62, 58, 59, 62, 58, 59, 62, 58, 59, 62, 58, 59, 62, 58, 59, 62, 58, 59, 62, 58, 59, 62, 58, 59, 62, 58, 59, 62, 58, 59, 62, 58, 59, 62, 58, 59, 62, 58, 59, 62, 58, 59, 62, 58, 59, 62, 58, 59, 62, 58, 59, 62, 58, 59, 62, 58, 59, 62, 58, 59, 62, 58, 59, 62, 58, 59, 62, 58, 59, 62, 58, 59, 62, 58, 59, 62, 58, 59, 62, 58, 59, 62, 58, 59, 62, 58, 59, 62, 58, 59, 62, 58, 59, 62, 58, 59, 62, 58, 59, 62, 58, 59, 62, 58, 59, 62, 58, 59, 62, 58, 59, 62, 58, 59, 62, 58, 59, 62, 58, 59, 62, 58, 59, 62, 58, 59, 62, 58, 59, 62, 58, 59, 62, 58, 59, 62, 58, 59, 62, 58, 59, 62, 58, 59, 62, 58, 59, 62, 58, 59, 62, 58, 59, 62, 58, 59, 62, 58, 59, 62, 58, 59, 62, 58, 59, 62, 58, 59, 62, 58, 59, 62, 58, 59, 62, 58, 59, 62, 58, 59, 62, 58, 59, 62, 58, 59, 62, 58, 59, 62, 58, 59, 62, 58, 59, 62, 58, 59, 62, 58, 59, 62, 58, 59, 62, 58, 59, 62, 58, 59, 62, 58, 59, 62, 58, 59, 62, 58, 59, 62, 58, 59, 62, 58, 59, 62, 58, 59, 62, 58, 59, 62, 58, 59, 62, 58, 59, 62, 58, 59, 62, 58, 59, 62, 58, 59, 62, 58, 59, 62, 58, 59, 62, 58, 59, 62, 58, 59, 62, 58, 59, 62, 58, 59, 62, 58, 59, 62, 58, 59, 62, 58, 59, 62, 58, 59, 62, 58, 59, 62, 58, 59, 62, 58, 59, 62, 58, 59, 62, 58, 59, 62, 58, 59, 62, 58, 59, 62, 58, 59, 62, 58, 59, 62, 58, 59, 62, 58, 59, 62, 58, 59, 62, 58, 59, 62, 58, 59, 62, 58, 59, 62, 58, 59, 62, 58, 59, 62, 58, 59, 62, 58, 59, 62, 58, 59, 62, 58, 59, 62, 58, 59, 62, 58, 59, 62, 58, 59, 62, 58, 59, 62, 58, 59, 62, 58, 59, 62, 58, 59, 62, 58, 59, 62, 58, 59, 62, 58, 59, 62, 58, 59, 62, 58, 59, 62, 58, 59, 62, 58, 59, 62, 58, 59, 62, 58, 59, 62, 58, 59, 62, 58, 59, 62, 58, 59, 62, 58, 59, 62, 58, 59, 62, 58, 59, 62, 58, 59, 62, 58, 59, 62, 58, 59, 62, 58, 59, 62, 58, 59, 62, 58, 59, 62, 58, 59, 62, 58, 59, 62, 58, 59, 62, 58, 59, 62, 58, 59, 62, 58, 59, 62, 58, 59, 62, 58, 59, 62, 58, 59, 62, 58, 59, 62, 58, 59, 62, 58, 59, 62, 58, 59, 62, 58, 59, 62, 58, 59, 62, 58, 59, 62, 58, 59, 62, 58, 59, 62, 58, 59, 62, 58, 59, 62, 58, 59, 62, 58, 59, 62, 58, 59, 62, 58, 59, 62, 58, 59, 62, 58, 59, 62, 58, 59, 62, 58, 59, 62, 58, 59, 62, 58, 59, 62, 58, 59, 62, 58, 59, 62, 58, 59, 62, 58, 59, 62, 58, 59, 62, 58, 59, 62, 58, 59, 62, 58, 59, 62, 58, 59, 62, 58, 59, 62, 58, 59, 62, 58, 59, 62, 58, 59, 62, 58, 59, 62, 58, 59, 62, 58, 59, 62, 58, 59, 62, 58, 59, 62, 58, 59, 62, 58, 59, 62, 58, 59, 62, 58, 59, 62, 58, 59, 62, 58, 59, 62, 58, 59, 62, 58, 59, 62, 58, 59, 62, 58, 59, 62, 58, 59, 62, 58, 59, 62, 58, 59, 62, 58, 59, 62, 58, 59, 62, 58, 59, 62, 58, 59, 62, 58, 59, 62, 58, 59, 62, 58, 59, 62, 58, 59, 62, 58, 59, 62, 58, 59, 62, 58, 59, 62, 58, 59, 62, 58, 59, 62, 58, 59, 62, 58, 59, 62, 58, 59, 62, 58, 59, 62, 58, 59, 62, 58, 59, 62, 58, 59, 62, 58, 59, 62, 58, 59, 62, 58, 59, 62, 58, 59, 62, 58, 59, 62, 58, 59, 62, 58, 59, 62, 58, 59, 62, 58, 59, 62, 58, 59, 62, 58, 59, 62, 58, 59, 62, 58, 59, 62, 58, 59, 62, 58, 59, 62, 58, 59, 62, 58, 59, 62, 58, 59, 62, 58, 59, 62, 58, 59, 62, 58, 59, 62, 58, 59, 62, 58, 59, 62, 58, 59, 62, 58, 59, 62, 58, 59, 62, 58, 59, 62, 58, 59, 62, 58, 59, 62, 58, 59, 62, 58, 59, 62, 58, 59, 62, 58, 59, 62, 58, 59, 62, 58, 59, 62, 58, 59, 62, 58, 59, 62, 58, 59, 62, 58, 59, 62, 58, 59, 62, 58, 59, 62, 58, 59, 62, 58, 59, 62, 58, 59, 62, 58, 59, 62, 58, 59, 62, 58, 59, 62, 58, 59, 62, 58, 59, 62, 58, 59, 62, 58, 59, 62, 58, 59, 62, 58, 59, 62, 58, 59, 62, 58, 59, 62, 58, 59, 62, 58, 59, 62, 58, 59, 62, 58, 59, 62, 58, 59, 62, 58, 59, 62, 58, 59, 62, 58, 59, 62, 58, 59, 62, 58, 59, 62, 58, 59, 62, 58, 59, 62, 58, 59, 62, 58, 59, 62, 58, 59, 62, 58, 59, 62, 58, 59, 62, 58, 59, 62, 58, 59, 62, 58, 59, 62, 58, 59, 62, 58, 59, 62, 58, 59, 62, 58, 59, 62, 58, 59, 62, 58, 59, 62, 58, 59, 62, 58, 59, 62, 58, 59, 62, 58, 59, 62, 58, 59, 62, 58, 59, 62, 58, 59, 62, 58, 59, 62, 58, 59, 62, 58, 59, 62, 58, 59, 62, 58, 59, 62, 58, 59, 62, 58, 59, 62, 58, 59, 62, 58, 59, 62, 58, 59, 62, 58, 59, 62, 58, 59, 62, 58, 59, 62, 58, 59, 62, 58, 59, 62, 58, 59, 62, 58, 59, 62, 58, 59, 62, 58, 59, 62, 58, 59, 62, 58, 59, 62, 58, 59, 62, 58, 59, 62, 58, 59, 62, 58, 59, 62, 58, 59, 62, 58, 59, 62, 58, 59, 62, 58, 59, 62, 58, 59, 62, 58, 59, 62, 58, 59, 62, 58, 59, 62, 58, 59, 62, 58, 59, 62, 58, 59, 62, 58, 59, 62, 58, 59, 62, 58, 59, 62, 58, 59, 62, 58, 59, 62, 58, 59, 62, 58, 59, 62, 58, 59, 62, 58, 59, 62, 58, 59, 62, 58, 59, 62, 58, 59, 62, 58, 59, 62, 58, 59, 62, 58, 59, 62, 58, 59, 62, 58, 59, 62, 58, 59, 62, 58, 59, 62, 58, 59, 62, 58, 59, 62, 58, 59, 62, 58, 59, 62, 58, 59, 62, 58, 59, 62, 58, 59, 62, 58, 59, 62, 58, 59, 62, 58, 59, 62, 58, 59, 62, 58, 59, 62, 58, 59, 62, 58, 59, 62, 58, 59, 62, 58, 59, 62, 58, 59, 62, 58, 59, 62, 58, 59, 62, 58, 59, 62, 58, 59, 62, 58, 59, 62, 58, 59, 62, 58, 59, 62, 58, 59, 62, 58, 59, 62, 58, 59, 62, 58, 59, 62, 58, 59, 62, 58, 59, 62, 58, 59, 62, 58, 59, 62, 58, 59, 62, 58, 59, 62, 58, 59, 62, 58, 59, 62, 58, 59, 62, 58, 59, 62, 58, 59, 62, 58, 59, 62, 58, 59, 62, 58, 59, 62, 58, 59, 62, 58, 59, 62, 58, 59, 62, 58, 59, 62, 58, 59, 62, 58, 59, 62, 58, 59, 62, 58, 59, 62, 58, 59, 62, 58, 59, 62, 58, 59, 62, 58, 59, 62, 58, 59, 62, 58, 59, 62, 58, 59, 62, 58, 59, 62, 58, 59, 62, 58, 59, 62, 58, 59, 62, 58, 59, 62, 58, 59, 62, 58, 59, 62, 58, 59, 62, 58, 59, 62, 58, 59, 62, 58, 59, 62, 58, 59, 62, 58, 59, 62, 58, 59, 62, 58, 59, 62, 58, 59, 62, 58, 59, 62, 58, 59, 62, 58, 59, 62, 58, 59, 62, 58, ","[131, 5, 6, 7, 8, 11, 12, 13, 132, 73, 74, 75, 76, 133, 134, 58, 59, 135, 121, 18, 30, 18, 30, 124, 136, 68, 133, 134, 58, 59, 135, 121, 18, 30, 18, 30, 124, 136, 68, 133, 134, 58, 59, 135, 121, 18, 30, 18, 30, 122, 62, 123, 136, 68, 133, 134, 58, 59, 135, 121, 18, 30, 18, 30, 124, 136, 68, 133, 134, 58, 59, 135, 121, 18, 30, 18, 30, 124, 136, 68, 133, 134, 58, 59, 135, 121, 18, 30, 18, 30, 124, 136, 68, 133, 134, 58, 59, 135, 121, 18, 30, 18, 30, 124, 136, 68, 133, 134, 58, 59, 135, 121, 18, 30, 18, 30, 124, 136, 68, 133, 134, 58, 59, 135, 121, 18, 30, 122, 62, 123, 136, 68, 133, 134, 58, 59, 135, 121, 18, 30, 18, 30, 124, 136, 68, 133]",False,0.008005227903937265
Container,OOP_prepared,"[1, 134, 135, 136, 137, 134, 135, 136, 137, 134, 135, 136, 137, 134, 135, 136, 137, 134, 135, 136, 137, 134, 135, 136, 137, 134, 135, 136, 137, 134, 135, 136, 137, 134, 135, 136, 137, 134, 135, 136, 137, 134, 135, 136, 137, 134, 135, 136, 137, 134, 135, 136, 137, 134, 135, 136, 137, 134, 135, 136, 137, 134, 135, 136, 137, 134, 135, 136, 137, 134, 135, 136, 137, 134, 135, 136, 137, 134, 135, 136, 137, 134, 135, 136, 137, 134, 135, 136, 137, 134, 135, 136, 137, 134, 135, 136, 137, 134, 135, 136, 137, 134, 135, 136, 137, 134, 135, 136, 137, 134, 135, 136, 137, 134, 135, 136, 137, 134, 135, 136, 137, 134, 135, 136, 137, 134, 135, 136, 137, 134, 135, 136, 137, 134, 135, 136, 137, 134, 135, 136, 137, 134, 135, 136, 137, 134, 135, 136, 137, 134, 135, 136, 137, 134, 135, 136, 137, 134, 135, 136, 137, 134, 135, 136, 137, 134, 135, 136, 137, 134, 135, 136, 137, 134, 135, 136, 137, 134, 135, 136, 137, 134, 135, 136, 137, 134, 135, 136, 137, 134, 135, 136, 137, 134, 135, 136, 137, 134, 135, 136, 137, 134, 135, 136, 137, 134, 135, 136, 137, 134, 135, 136, 137, 134, 135, 136, 137, 134, 135, 136, 137, 134, 135, 136, 137, 134, 135, 136, 137, 134, 135, 136, 137, 134, 135, 136, 137, 134, 135, 136, 137, 134, 135, 136, 137, 134, 135, 136, 137, 134, 135, 136, 137, 134, 135, 136, 137, 134, 135, 136, 137, 134, 135, 136, 137, 134, 135, 136, 137, 134, 135, 136, 137, 134, 135, 136, 137, 134, 135, 136, 137, 134, 135, 136, 137, 134, 135, 136, 137, 134, 135, 136, 137, 134, 135, 136, 137, 134, 135, 136, 137, 134, 135, 136, 137, 134, 135, 136, 137, 134, 135, 136, 137, 134, 135, 136, 137, 134, 135, 136, 137, 134, 135, 136, 137, 134, 135, 136, 137, 134, 135, 136, 137, 134, 135, 136, 137, 134, 135, 136, 137, 134, 135, 136, 137, 134, 135, 136, 137, 134, 135, 136, 137, 134, 135, 136, 137, 134, 135, 136, 137, 134, 135, 136, 137, 134, 135, 136, 137, 134, 135, 136, 137, 134, 135, 136, 137, 134, 135, 136, 137, 134, 135, 136, 137, 134, 135, 136, 137, 134, 135, 136, 137, 134, 135, 136, 137, 134, 135, 136, 137, 134, 135, 136, 137, 134, 135, 136, 137, 134, 135, 136, 137, 134, 135, 136, 137, 134, 135, 136, 137, 134, 135, 136, 137, 134, 135, 136, 137, 134, 135, 136, 137, 134, 135, 136, 137, 134, 135, 136, 137, 134, 135, 136, 137, 134, 135, 136, 137, 134, 135, 136, 137, 134, 135, 136, 137, 134, 135, 136, 137, 134, 135, 136, 137, 134, 135, 136, 137, 134, 135, 136, 137, 134, 135, 136, 137, 134, 135, 136, 137, 134, 135, 136, 137, 134, 135, 136, 137, 134, 135, 136, 137, 134, 135, 136, 137, 134, 135, 136, 137, 134, 135, 136, 137, 134, 135, 136, 137, 134, 135, 136, 137, 134, 135, 136, 137, 134, 135, 136, 137, 134, 135, 136, 137, 134, 135, 136, 137, 134, 135, 136, 137, 134, 135, 136, 137, 134, 135, 136, 137, 134, 135, 136, 137, 134, 135, 136, 137, 134, 135, 136, 137, 134, 135, 136, 137, 134, 135, 136, 137, 134, 135, 136, 137, 134, 135, 136, 137, 134, 135, 136, 137, 134, 135, 136, 137, 134, 135, 136, 137, 134, 135, 136, 137, 134, 135, 136, 137, 134, 135, 136, 137, 134, 135, 136, 137, 134, 135, 136, 137, 134, 135, 136, 137, 134, 135, 136, 137, 134, 135, 136, 137, 134, 135, 136, 137, 134, 135, 136, 137, 134, 135, 136, 137, 134, 135, 136, 137, 134, 135, 136, 137, 134, 135, 136, 137, 134, 135, 136, 137, 134, 135, 136, 137, 134, 135, 136, 137, 134, 135, 136, 137, 134, 135, 136, 137, 134, 135, 136, 137, 134, 135, 136, 137, 134, 135, 136, 137, 134, 135, 136, 137, 134, 135, 136, 137, 134, 135, 136, 137, 134, 135, 136, 137, 134, 135, 136, 137, 134, 135, 136, 137, 134, 135, 136, 137, 134, 135, 136, 137, 134, 135, 136, 137, 134, 135, 136, 137, 134, 135, 136, 137, 134, 135, 136, 137, 134, 135, 136, 137, 134, 135, 136, 137, 134, 135, 136, 137, 134, 135, 136, 137, 134, 135, 136, 137, 134, 135, 136, 137, 134, 135, 136, 137, 134, 135, 136, 137, 134, 135, 136, 137, 134, 135, 136, 137, 134, 135, 136, 137, 134, 135, 136, 137, 134, 135, 136, 137, 134, 135, 136, 137, 134, 135, 136, 137, 134, 135, 136, 137, 134, 135, 136, 137, 134, 135, 136, 137, 134, 135, 136, 137, 134, 135, 136, 137, 134, 135, 136, 137, 134, 135, 136, 137, 134, 135, 136, 137, 134, 135, 136, 137, 134, 135, 136, 137, 134, 135, 136, 137, 134, 135, 136, 137, 134, 135, 136, 137, 134, 135, 136, 137, 134, 135, 136, 137, 134, 135, 136, 137, 134, 135, 136, 137, 134, 135, 136, 137, 134, 135, 136, 137, 134, 135, 136, 137, 134, 135, 136, 137, 134, 135, 136, 137, 134, 135, 136, 137, 134, 135, 136, 137, 134, 135, 136, 137, 134, 135, 136, 137, 134, 135, 136, 137, 134, 135, 136, 137, 134, 135, 136, 137, 134, 135, 136, 137, 134, 135, 136, 137, 134, 135, 136, 137, 134, 135, 136, 137, 134, 135, 136, 137, 134, 135, 136, 137, 134, 135, 136, 137, 134, 135, 136, 137, 134, 135, 136, 137, 134, 135, 136, 137, 134, 135, 136, 137, 134, 135, 136, 137, 134, 135, 136, 137, 134, 135, 136, 137, 134, 135, 136, 137, 134, 135, 136, 137, 134, 135, 136, 137, 134, 135, 136, 137, 134, 135, 136, 137, 134, 135, 136, 137, 134, 135, 136, 137, 134, 135, 136, 137, 134, 135, 136, 137, 134, 135, 136, 137, 134, 135, 136, 137, 134, 135, 136, 137, 134, 135, 136, 137, 134, 135, 136, 137, 134, 135, 136, 137, 134, 135, 136, 137, 134, 135, 136, 137, 134, 135, 136, 137, 134, 135, 136, 137, 134, 135, 136, 137, 134, 135, 136, 137, 134, 135, 136, 137, 134, 135, 136, 137, 134, 135, 136, 137, 134, 135, 136, 137, 134, 135, 136, 137, 134, 135, 136, 137, 134, 135, 136, 137, 134, 135, 136, 137, 134, 135, 136, 137, 134, 135, 136, 137, 134, 135, 136, 137, 134, 135, 136, 137, 134, 135, 136, 137, 134, 135, 136, 137, 134, 135, 136, 137, 134, 135, 136, 137, 134, 135, 136, 137, 134, 135, 136, 137, 134, 135, 136, 137, 134, 135, 136, 137, 134, 135, 136, 137, 134, 135, 136, 137, 134, 135, 136, 137, 134, 135, 136, 137, 134, 135, 136, 137, 134, 135, 136, 137, 134, 135, 136, 137, 134, 135, 136, 137, 134, 135, 136, 137, 134, 135, 136, 137, 134, 135, 136, 137, 134, 135, 136, 137, 134, 135, 136, 137, 134, 135, 136, 137, 134, 135, 136, 137, 134, 135, 136, 137, 134, 135, 136, 137, 134, 135, 136, 137, 134, 135, 136, 137, 134, 135, 136, 137, 134, 135, 136, 137, 134, 135, 136, 137, 134, 135, 136, 137, 134, 135, 136, 137, 134, 135, 136, 137, 134, 135, 136, 137, 134, 135, 136, 137, 134, 135, 136, 137, 134, 135, 136, 137, 134, 135, 136, 137, 134, 135, 136, 137, 134, 135, 136, 137, 134, 135, 136, 137, 134, 135, 136, 137, 134, 135, 136, 137, 134, 135, 136, 137, 134, 135, 136, 137, 134, 135, 136, 137, 134, 135, 136, 137, 134, 135, 136, 137, 134, 135, 136, 137, 134, 135, 136, 137, 134, 135, 136, 137, 134, 135, 136, 137, 134, 135, 136, 137, 134, 135, 136, 137, 134, 135, 136, 137, 134, 135, 136, 137, 134, 135, 136, 137, 134, 135, 136, 137, 134, 135, 136, 137, 134, 135, 136, 137, 134, 135, 136, 137, 134, 135, 136, 137, 134, 135, 136, 137, 134, 135, 136, 137, 134, 135, 136, 137, 134, 135, 136, 137, 134, 135, 136, 137, 134, 135, 136, 137, 134, 135, 136, 137, 134, 135, 136, 137, 134, 135, 136, 137, ","[132, 5, 6, 7, 8, 11, 12, 13, 133, 73, 74, 75, 76, 134, 135, 58, 59, 136, 121, 18, 30, 18, 30, 124, 137, 68, 134, 135, 58, 59, 136, 121, 18, 30, 18, 30, 124, 137, 68, 134, 135, 58, 59, 136, 121, 18, 30, 18, 30, 122, 62, 123, 137, 68, 134, 135, 58, 59, 136, 121, 18, 30, 18, 30, 124, 137, 68, 134, 135, 58, 59, 136, 121, 18, 30, 18, 30, 124, 137, 68, 134, 135, 58, 59, 136, 121, 18, 30, 18, 30, 124, 137, 68, 134, 135, 58, 59, 136, 121, 18, 30, 122, 62, 123, 137, 68, 134, 135, 58, 59, 136, 121, 18, 30, 18, 30, 124, 137, 68, 134, 135, 58, 59, 136, 121, 18, 30, 18, 30, 124, 137, 68, 134, 135, 58, 59, 136, 121, 18, 30, 18, 30, 124, 137, 68, 134]",False,0.0005356186395286556
Container,OOP_prepared,"[1, 72, 73, 74, 75, 76, 78, 81, 87, 90, 93, 96, 102, 105, 114, 115, 116, 117, 120, 121, 122, 123, 130, 131, 132, 133, 134, 135, 136, 48, 51, 67, 58, 59, 62, 58, 59, 62, 58, 59, 62, 58, 59, 62, 58, 59, 62, 58, 59, 62, 58, 59, 62, 58, 59, 62, 58, 59, 62, 58, 59, 62, 58, 59, 62, 58, 59, 62, 58, 59, 62, 58, 59, 62, 58, 59, 62, 58, 59, 62, 58, 59, 62, 58, 59, 62, 58, 59, 62, 58, 59, 62, 58, 59, 62, 58, 59, 62, 58, 59, 62, 58, 59, 62, 58, 59, 62, 58, 59, 62, 58, 59, 62, 58, 59, 62, 58, 59, 62, 58, 59, 62, 58, 59, 62, 58, 59, 62, 58, 59, 62, 58, 59, 62, 58, 59, 62, 58, 59, 62, 58, 59, 62, 58, 59, 62, 58, 59, 62, 58, 59, 62, 58, 59, 62, 58, 59, 62, 58, 59, 62, 58, 59, 62, 58, 59, 62, 58, 59, 62, 58, 59, 62, 58, 59, 62, 58, 59, 62, 58, 59, 62, 58, 59, 62, 58, 59, 62, 58, 59, 62, 58, 59, 62, 58, 59, 62, 58, 59, 62, 58, 59, 62, 58, 59, 62, 58, 59, 62, 58, 59, 62, 58, 59, 62, 58, 59, 62, 58, 59, 62, 58, 59, 62, 58, 59, 62, 58, 59, 62, 58, 59, 62, 58, 59, 62, 58, 59, 62, 58, 59, 62, 58, 59, 62, 58, 59, 62, 58, 59, 62, 58, 59, 62, 58, 59, 62, 58, 59, 62, 58, 59, 62, 58, 59, 62, 58, 59, 62, 58, 59, 62, 58, 59, 62, 58, 59, 62, 58, 59, 62, 58, 59, 62, 58, 59, 62, 58, 59, 62, 58, 59, 62, 58, 59, 62, 58, 59, 62, 58, 59, 62, 58, 59, 62, 58, 59, 62, 58, 59, 62, 58, 59, 62, 58, 59, 62, 58, 59, 62, 58, 59, 62, 58, 59, 62, 58, 59, 62, 58, 59, 62, 58, 59, 62, 58, 59, 62, 58, 59, 62, 58, 59, 62, 58, 59, 62, 58, 59, 62, 58, 59, 62, 58, 59, 62, 58, 59, 62, 58, 59, 62, 58, 59, 62, 58, 59, 62, 58, 59, 62, 58, 59, 62, 58, 59, 62, 58, 59, 62, 58, 59, 62, 58, 59, 62, 58, 59, 62, 58, 59, 62, 58, 59, 62, 58, 59, 62, 58, 59, 62, 58, 59, 62, 58, 59, 62, 58, 59, 62, 58, 59, 62, 58, 59, 62, 58, 59, 62, 58, 59, 62, 58, 59, 62, 58, 59, 62, 58, 59, 62, 58, 59, 62, 58, 59, 62, 58, 59, 62, 58, 59, 62, 58, 59, 62, 58, 59, 62, 58, 59, 62, 58, 59, 62, 58, 59, 62, 58, 59, 62, 58, 59, 62, 58, 59, 62, 58, 59, 62, 58, 59, 62, 58, 59, 62, 58, 59, 62, 58, 59, 62, 58, 59, 62, 58, 59, 62, 58, 59, 62, 58, 59, 62, 58, 59, 62, 58, 59, 62, 58, 59, 62, 58, 59, 62, 58, 59, 62, 58, 59, 62, 58, 59, 62, 58, 59, 62, 58, 59, 62, 58, 59, 62, 58, 59, 62, 58, 59, 62, 58, 59, 62, 58, 59, 62, 58, 59, 62, 58, 59, 62, 58, 59, 62, 58, 59, 62, 58, 59, 62, 58, 59, 62, 58, 59, 62, 58, 59, 62, 58, 59, 62, 58, 59, 62, 58, 59, 62, 58, 59, 62, 58, 59, 62, 58, 59, 62, 58, 59, 62, 58, 59, 62, 58, 59, 62, 58, 59, 62, 58, 59, 62, 58, 59, 62, 58, 59, 62, 58, 59, 62, 58, 59, 62, 58, 59, 62, 58, 59, 62, 58, 59, 62, 58, 59, 62, 58, 59, 62, 58, 59, 62, 58, 59, 62, 58, 59, 62, 58, 59, 62, 58, 59, 62, 58, 59, 62, 58, 59, 62, 58, 59, 62, 58, 59, 62, 58, 59, 62, 58, 59, 62, 58, 59, 62, 58, 59, 62, 58, 59, 62, 58, 59, 62, 58, 59, 62, 58, 59, 62, 58, 59, 62, 58, 59, 62, 58, 59, 62, 58, 59, 62, 58, 59, 62, 58, 59, 62, 58, 59, 62, 58, 59, 62, 58, 59, 62, 58, 59, 62, 58, 59, 62, 58, 59, 62, 58, 59, 62, 58, 59, 62, 58, 59, 62, 58, 59, 62, 58, 59, 62, 58, 59, 62, 58, 59, 62, 58, 59, 62, 58, 59, 62, 58, 59, 62, 58, 59, 62, 58, 59, 62, 58, 59, 62, 58, 59, 62, 58, 59, 62, 58, 59, 62, 58, 59, 62, 58, 59, 62, 58, 59, 62, 58, 59, 62, 58, 59, 62, 58, 59, 62, 58, 59, 62, 58, 59, 62, 58, 59, 62, 58, 59, 62, 58, 59, 62, 58, 59, 62, 58, 59, 62, 58, 59, 62, 58, 59, 62, 58, 59, 62, 58, 59, 62, 58, 59, 62, 58, 59, 62, 58, 59, 62, 58, 59, 62, 58, 59, 62, 58, 59, 62, 58, 59, 62, 58, 59, 62, 58, 59, 62, 58, 59, 62, 58, 59, 62, 58, 59, 62, 58, 59, 62, 58, 59, 62, 58, 59, 62, 58, 59, 62, 58, 59, 62, 58, 59, 62, 58, 59, 62, 58, 59, 62, 58, 59, 62, 58, 59, 62, 58, 59, 62, 58, 59, 62, 58, 59, 62, 58, 59, 62, 58, 59, 62, 58, 59, 62, 58, 59, 62, 58, 59, 62, 58, 59, 62, 58, 59, 62, 58, 59, 62, 58, 59, 62, 58, 59, 62, 58, 59, 62, 58, 59, 62, 58, 59, 62, 58, 59, 62, 58, 59, 62, 58, 59, 62, 58, 59, 62, 58, 59, 62, 58, 59, 62, 58, 59, 62, 58, 59, 62, 58, 59, 62, 58, 59, 62, 58, 59, 62, 58, 59, 62, 58, 59, 62, 58, 59, 62, 58, 59, 62, 58, 59, 62, 58, 59, 62, 58, 59, 62, 58, 59, 62, 58, 59, 62, 58, 59, 62, 58, 59, 62, 58, 59, 62, 58, 59, 62, 58, 59, 62, 58, 59, 62, 58, 59, 62, 58, 59, 62, 58, 59, 62, 58, 59, 62, 58, 59, 62, 58, 59, 62, 58, 59, 62, 58, 59, 62, 58, 59, 62, 58, 59, 62, 58, 59, 62, 58, 59, 62, 58, 59, 62, 58, 59, 62, 58, 59, 62, 58, 59, 62, 58, 59, 62, 58, 59, 62, 58, 59, 62, 58, 59, 62, 58, 59, 62, 58, 59, 62, 58, 59, 62, 58, 59, 62, 58, 59, 62, 58, 59, 62, 58, 59, 62, 58, 59, 62, 58, 59, 62, 58, 59, 62, 58, 59, 62, 58, 59, 62, 58, 59, 62, 58, 59, 62, 58, 59, 62, 58, 59, 62, 58, 59, 62, 58, 59, 62, 58, 59, 62, 58, 59, 62, 58, 59, 62, 58, 59, 62, 58, 59, 62, 58, 59, 62, 58, 59, 62, 58, 59, 62, 58, 59, 62, 58, 59, 62, 58, 59, 62, 58, 59, 62, 58, 59, 62, 58, 59, 62, 58, 59, 62, 58, 59, 62, 58, 59, 62, 58, 59, 62, 58, 59, 62, 58, 59, 62, 58, 59, 62, 58, 59, 62, 58, 59, 62, 58, 59, 62, 58, 59, 62, 58, 59, 62, 58, 59, 62, 58, 59, 62, 58, 59, 62, 58, 59, 62, 58, 59, 62, 58, 59, 62, 58, 59, 62, 58, 59, 62, 58, 59, 62, 58, 59, 62, 58, 59, 62, 58, 59, 62, 58, 59, 62, 58, 59, 62, 58, 59, 62, 58, 59, 62, 58, 59, 62, 58, 59, 62, 58, 59, 62, 58, 59, 62, 58, 59, 62, 58, 59, 62, 58, 59, 62, 58, 59, 62, 58, 59, 62, 58, 59, 62, 58, 59, 62, 58, 59, 62, 58, 59, 62, 58, 59, 62, 58, 59, 62, 58, 59, 62, 58, 59, 62, 58, 59, 62, 58, 59, 62, 58, 59, 62, 58, 59, 62, 58, 59, 62, 58, 59, 62, 58, 59, 62, 58, 59, 62, 58, 59, 62, 58, 59, 62, 58, 59, 62, 58, 59, 62, 58, 59, 62, 58, 59, 62, 58, 59, 62, 58, 59, 62, 58, 59, 62, 58, 59, 62, 58, 59, 62, 58, 59, 62, 58, 59, 62, 58, 59, 62, 58, 59, 62, 58, 59, 62, 58, 59, 62, 58, ","[131, 5, 6, 7, 8, 11, 12, 13, 132, 73, 74, 75, 76, 133, 134, 58, 59, 135, 121, 18, 30, 18, 30, 124, 136, 68, 133, 134, 58, 59, 135, 121, 18, 30, 18, 30, 124, 136, 68, 133, 134, 58, 59, 135, 121, 18, 30, 18, 30, 124, 136, 68, 133, 134, 58, 59, 135, 121, 18, 30, 18, 30, 124, 136, 68, 133, 134, 58, 59, 135, 121, 18, 30, 18, 30, 124, 136, 68, 133, 134, 58, 59, 135, 121, 18, 30, 18, 30, 124, 136, 68, 133, 134, 58, 59, 135, 121, 18, 30, 18, 30, 124, 136, 68, 133, 134, 58, 59, 135, 121, 18, 30, 18, 30, 124, 136, 68, 133, 134, 58, 59, 135, 121, 18, 30, 18, 30, 124, 136, 68, 133, 134, 58, 59, 135, 121, 18, 30, 18, 30, 124, 136, 68, 133]",False,0.008018327605956471
Container,OOP_prepared,"[1, 72, 73, 74, 75, 76, 78, 81, 87, 90, 93, 96, 102, 105, 114, 115, 116, 117, 120, 121, 122, 123, 130, 131, 132, 133, 134, 135, 136, 48, 51, 67, 58, 59, 62, 58, 59, 62, 58, 59, 62, 58, 59, 62, 58, 59, 62, 58, 59, 62, 58, 59, 62, 58, 59, 62, 58, 59, 62, 58, 59, 62, 58, 59, 62, 58, 59, 62, 58, 59, 62, 58, 59, 62, 58, 59, 62, 58, 59, 62, 58, 59, 62, 58, 59, 62, 58, 59, 62, 58, 59, 62, 58, 59, 62, 58, 59, 62, 58, 59, 62, 58, 59, 62, 58, 59, 62, 58, 59, 62, 58, 59, 62, 58, 59, 62, 58, 59, 62, 58, 59, 62, 58, 59, 62, 58, 59, 62, 58, 59, 62, 58, 59, 62, 58, 59, 62, 58, 59, 62, 58, 59, 62, 58, 59, 62, 58, 59, 62, 58, 59, 62, 58, 59, 62, 58, 59, 62, 58, 59, 62, 58, 59, 62, 58, 59, 62, 58, 59, 62, 58, 59, 62, 58, 59, 62, 58, 59, 62, 58, 59, 62, 58, 59, 62, 58, 59, 62, 58, 59, 62, 58, 59, 62, 58, 59, 62, 58, 59, 62, 58, 59, 62, 58, 59, 62, 58, 59, 62, 58, 59, 62, 58, 59, 62, 58, 59, 62, 58, 59, 62, 58, 59, 62, 58, 59, 62, 58, 59, 62, 58, 59, 62, 58, 59, 62, 58, 59, 62, 58, 59, 62, 58, 59, 62, 58, 59, 62, 58, 59, 62, 58, 59, 62, 58, 59, 62, 58, 59, 62, 58, 59, 62, 58, 59, 62, 58, 59, 62, 58, 59, 62, 58, 59, 62, 58, 59, 62, 58, 59, 62, 58, 59, 62, 58, 59, 62, 58, 59, 62, 58, 59, 62, 58, 59, 62, 58, 59, 62, 58, 59, 62, 58, 59, 62, 58, 59, 62, 58, 59, 62, 58, 59, 62, 58, 59, 62, 58, 59, 62, 58, 59, 62, 58, 59, 62, 58, 59, 62, 58, 59, 62, 58, 59, 62, 58, 59, 62, 58, 59, 62, 58, 59, 62, 58, 59, 62, 58, 59, 62, 58, 59, 62, 58, 59, 62, 58, 59, 62, 58, 59, 62, 58, 59, 62, 58, 59, 62, 58, 59, 62, 58, 59, 62, 58, 59, 62, 58, 59, 62, 58, 59, 62, 58, 59, 62, 58, 59, 62, 58, 59, 62, 58, 59, 62, 58, 59, 62, 58, 59, 62, 58, 59, 62, 58, 59, 62, 58, 59, 62, 58, 59, 62, 58, 59, 62, 58, 59, 62, 58, 59, 62, 58, 59, 62, 58, 59, 62, 58, 59, 62, 58, 59, 62, 58, 59, 62, 58, 59, 62, 58, 59, 62, 58, 59, 62, 58, 59, 62, 58, 59, 62, 58, 59, 62, 58, 59, 62, 58, 59, 62, 58, 59, 62, 58, 59, 62, 58, 59, 62, 58, 59, 62, 58, 59, 62, 58, 59, 62, 58, 59, 62, 58, 59, 62, 58, 59, 62, 58, 59, 62, 58, 59, 62, 58, 59, 62, 58, 59, 62, 58, 59, 62, 58, 59, 62, 58, 59, 62, 58, 59, 62, 58, 59, 62, 58, 59, 62, 58, 59, 62, 58, 59, 62, 58, 59, 62, 58, 59, 62, 58, 59, 62, 58, 59, 62, 58, 59, 62, 58, 59, 62, 58, 59, 62, 58, 59, 62, 58, 59, 62, 58, 59, 62, 58, 59, 62, 58, 59, 62, 58, 59, 62, 58, 59, 62, 58, 59, 62, 58, 59, 62, 58, 59, 62, 58, 59, 62, 58, 59, 62, 58, 59, 62, 58, 59, 62, 58, 59, 62, 58, 59, 62, 58, 59, 62, 58, 59, 62, 58, 59, 62, 58, 59, 62, 58, 59, 62, 58, 59, 62, 58, 59, 62, 58, 59, 62, 58, 59, 62, 58, 59, 62, 58, 59, 62, 58, 59, 62, 58, 59, 62, 58, 59, 62, 58, 59, 62, 58, 59, 62, 58, 59, 62, 58, 59, 62, 58, 59, 62, 58, 59, 62, 58, 59, 62, 58, 59, 62, 58, 59, 62, 58, 59, 62, 58, 59, 62, 58, 59, 62, 58, 59, 62, 58, 59, 62, 58, 59, 62, 58, 59, 62, 58, 59, 62, 58, 59, 62, 58, 59, 62, 58, 59, 62, 58, 59, 62, 58, 59, 62, 58, 59, 62, 58, 59, 62, 58, 59, 62, 58, 59, 62, 58, 59, 62, 58, 59, 62, 58, 59, 62, 58, 59, 62, 58, 59, 62, 58, 59, 62, 58, 59, 62, 58, 59, 62, 58, 59, 62, 58, 59, 62, 58, 59, 62, 58, 59, 62, 58, 59, 62, 58, 59, 62, 58, 59, 62, 58, 59, 62, 58, 59, 62, 58, 59, 62, 58, 59, 62, 58, 59, 62, 58, 59, 62, 58, 59, 62, 58, 59, 62, 58, 59, 62, 58, 59, 62, 58, 59, 62, 58, 59, 62, 58, 59, 62, 58, 59, 62, 58, 59, 62, 58, 59, 62, 58, 59, 62, 58, 59, 62, 58, 59, 62, 58, 59, 62, 58, 59, 62, 58, 59, 62, 58, 59, 62, 58, 59, 62, 58, 59, 62, 58, 59, 62, 58, 59, 62, 58, 59, 62, 58, 59, 62, 58, 59, 62, 58, 59, 62, 58, 59, 62, 58, 59, 62, 58, 59, 62, 58, 59, 62, 58, 59, 62, 58, 59, 62, 58, 59, 62, 58, 59, 62, 58, 59, 62, 58, 59, 62, 58, 59, 62, 58, 59, 62, 58, 59, 62, 58, 59, 62, 58, 59, 62, 58, 59, 62, 58, 59, 62, 58, 59, 62, 58, 59, 62, 58, 59, 62, 58, 59, 62, 58, 59, 62, 58, 59, 62, 58, 59, 62, 58, 59, 62, 58, 59, 62, 58, 59, 62, 58, 59, 62, 58, 59, 62, 58, 59, 62, 58, 59, 62, 58, 59, 62, 58, 59, 62, 58, 59, 62, 58, 59, 62, 58, 59, 62, 58, 59, 62, 58, 59, 62, 58, 59, 62, 58, 59, 62, 58, 59, 62, 58, 59, 62, 58, 59, 62, 58, 59, 62, 58, 59, 62, 58, 59, 62, 58, 59, 62, 58, 59, 62, 58, 59, 62, 58, 59, 62, 58, 59, 62, 58, 59, 62, 58, 59, 62, 58, 59, 62, 58, 59, 62, 58, 59, 62, 58, 59, 62, 58, 59, 62, 58, 59, 62, 58, 59, 62, 58, 59, 62, 58, 59, 62, 58, 59, 62, 58, 59, 62, 58, 59, 62, 58, 59, 62, 58, 59, 62, 58, 59, 62, 58, 59, 62, 58, 59, 62, 58, 59, 62, 58, 59, 62, 58, 59, 62, 58, 59, 62, 58, 59, 62, 58, 59, 62, 58, 59, 62, 58, 59, 62, 58, 59, 62, 58, 59, 62, 58, 59, 62, 58, 59, 62, 58, 59, 62, 58, 59, 62, 58, 59, 62, 58, 59, 62, 58, 59, 62, 58, 59, 62, 58, 59, 62, 58, 59, 62, 58, 59, 62, 58, 59, 62, 58, 59, 62, 58, 59, 62, 58, 59, 62, 58, 59, 62, 58, 59, 62, 58, 59, 62, 58, 59, 62, 58, 59, 62, 58, 59, 62, 58, 59, 62, 58, 59, 62, 58, 59, 62, 58, 59, 62, 58, 59, 62, 58, 59, 62, 58, 59, 62, 58, 59, 62, 58, 59, 62, 58, 59, 62, 58, 59, 62, 58, 59, 62, 58, 59, 62, 58, 59, 62, 58, 59, 62, 58, 59, 62, 58, 59, 62, 58, 59, 62, 58, 59, 62, 58, 59, 62, 58, 59, 62, 58, 59, 62, 58, 59, 62, 58, 59, 62, 58, 59, 62, 58, 59, 62, 58, 59, 62, 58, 59, 62, 58, 59, 62, 58, 59, 62, 58, 59, 62, 58, 59, 62, 58, 59, 62, 58, 59, 62, 58, 59, 62, 58, 59, 62, 58, 59, 62, 58, 59, 62, 58, 59, 62, 58, 59, 62, 58, 59, 62, 58, 59, 62, 58, 59, 62, 58, 59, 62, 58, 59, 62, 58, 59, 62, 58, 59, 62, 58, 59, 62, 58, 59, 62, 58, 59, 62, 58, 59, 62, 58, 59, 62, 58, 59, 62, 58, 59, 62, 58, 59, 62, 58, 59, 62, 58, 59, 62, 58, 59, 62, 58, 59, 62, 58, 59, 62, 58, 59, 62, 58, 59, 62, 58, 59, 62, 58, 59, 62, 58, 59, 62, 58, 59, 62, 58, 59, 62, 58, 59, 62, 58, 59, 62, 58, 59, 62, 58, ","[131, 5, 6, 7, 8, 11, 12, 13, 132, 73, 74, 75, 76, 133, 134, 58, 59, 135, 121, 18, 30, 18, 30, 124, 136, 68, 133, 134, 58, 59, 135, 121, 18, 30, 122, 62, 123, 136, 68, 133, 134, 58, 59, 135, 121, 18, 30, 18, 30, 124, 136, 68, 133, 134, 58, 59, 135, 121, 18, 30, 18, 30, 124, 136, 68, 133, 134, 58, 59, 135, 121, 18, 30, 18, 30, 124, 136, 68, 133, 134, 58, 59, 135, 121, 18, 30, 18, 30, 122, 62, 123, 136, 68, 133, 134, 58, 59, 135, 121, 18, 30, 18, 30, 124, 136, 68, 133, 134, 58, 59, 135, 121, 18, 30, 18, 30, 124, 136, 68, 133, 134, 58, 59, 135, 121, 18, 30, 18, 30, 124, 136, 68, 133, 134, 58, 59, 135, 121, 18, 30, 122, 62, 123, 136, 68, 133]",False,0.008003920287487748
Container,OOP_prepared,"[1, 72, 73, 74, 75, 76, 78, 81, 87, 90, 93, 96, 102, 105, 114, 115, 116, 117, 120, 121, 122, 123, 131, 132, 135, 136, 137, 138, 139, 140]","[131, 5, 6, 7, 8, 11, 12, 13, 132, 73, 74, 75, 76, 135, 136, 58, 59, 137, 121, 18, 30, 18, 30, 124, 140, 68, 135, 136, 58, 59, 137, 121, 18, 30, 18, 30, 122, 62, 123, 138, 68, 135, 136, 58, 59, 137, 121, 18, 30, 18, 30, 124, 140, 68, 135, 136, 58, 59, 137, 121, 18, 30, 18, 30, 124, 140, 68, 135, 136, 58, 59, 137, 121, 18, 30, 122, 62, 123, 138, 68, 135]",False,0.11608961303462322
Cylinder,OOP_prepared,"[51, 52, 33, 34, 36, 38, 40, 41, 42, 44, 45, 47, 48, 53]","[52, 33, 5, 6, 34, 53, 10, 38, 25, 45, 25]",False,0.6185567010309279
Cylinder,OOP_prepared,"[52, 53, 54, 55, 56, 57, 58, 33, 34, 36, 37, 38, 40, 41, 42, 44, 45, 47, 48]","[53, 5, 6, 54, 14, 55, 28, 56, 25, 57, 33, 5, 6, 34, 58, 10, 38, 25, 45, 25]",False,0.6622516556291391
Cylinder,OOP_prepared,"[51, 52, 53, 52, 27, 28, 52, 54, 52, 44, 52, 25, 52, 34, 52, 38, 52, 42, 52, 45]","[52, 33, 5, 6, 34, 53, 48, 28, 54, 45, 25]",False,0.5206611570247934
Cylinder,OOP_prepared,"[51, 52, 53, 54, 25, 38, 14, 25, 42, 25, 28, 45, 25, 28, 48]","[51, 33, 5, 6, 34, 52, 42, 53, 14, 54, 48, 28, 55, 45, 25]",False,0.5811965811965812
Cylinder,OOP_prepared,"[53, 54, 33, 34, 36, 38, 40, 41, 42, 44, 45, 47, 48]","[53, 33, 5, 6, 34, 54, 10, 38, 25, 45, 25]",False,0.6236559139784946
Date,OOP_prepared,"[44, 45, 32, 33, 34, 35, 36, 37, 38, 40, 41, 46]","[45, 5, 6, 7, 46, 33, 34, 35, 40, 41]",False,0.6309523809523809
Date,OOP_prepared,"[51, 47, 33, 34, 35, 36, 37, 38, 40, 41, 32, 33, 34, 35, 36, 37, 38, 40, 41]","[51, 47, 5, 6, 7, 48, 33, 34, 35, 40, 41]",False,0.47413793103448276
Date,OOP_prepared,"[44, 45, 3, 4, 5, 6, 7, 8, 10, 9, 33, 34, 35, 36, 37, 38, 40, 41]","[44, 5, 6, 7, 45, 33, 34, 35, 36, 37, 38]",False,0.7523809523809524
Date,OOP_prepared,"[45, 32, 33, 34, 35, 36, 37, 38, 40, 41, 46, 32, 33, 34, 35, 36, 37, 38, 40, 41, 47]","[45, 5, 6, 7, 46, 28, 29, 30, 47, 33, 34, 35, 40, 41]",False,0.39705882352941174
Date,OOP_prepared,"[44, 45, 46, 47, 48, 33, 34, 35, 36, 37, 38, 40, 41]","[44, 5, 6, 7, 45, 13, 46, 19, 47, 25, 48, 33, 34, 35, 40, 41]",False,0.7053571428571429
Employee,OOP_prepared,"[47, 2, 3, 4, 5, 6, 7, 8, 9, 11, 12, 14, 15, 17, 18, 20, 21, 23, 24, 26, 27, 29, 30, 32, 33, 35, 36, 38, 39, 40, 42, 43, 48]","[47, 3, 4, 5, 6, 48, 39, 40]",False,0.2980132450331126
Employee,OOP_prepared,"[47, 48, 35, 36, 48, 35, 36]","[47, 3, 4, 5, 6, 48, 33, 49, 36]",False,0.8135593220338984
Employee,OOP_prepared,"[47, 38, 39, 40, 42, 43, 48, 42, 43, 49, 42, 43]","[47, 3, 4, 5, 6, 48, 39, 40, 49, 43]",False,0.5662650602409639
Employee,OOP_prepared,"[47, 48, 49, 50, 51, 52, 33, 43, 53]","[47, 3, 4, 5, 6, 48, 18, 49, 24, 50, 30, 51, 12, 52, 33, 53, 43]",False,0.696969696969697
Employee,OOP_prepared,"[47, 3, 4, 5, 6, 48, 33, 49, 27, 50, 43]","[47, 3, 4, 5, 6, 48, 33, 49, 27, 50, 43]",True,1.0
GeometricObject,OOP_prepared,"[59, 60, 27, 61, 30, 62, 24]","[59, 15, 60, 27, 61, 30, 62, 24]",False,0.9322033898305084
GeometricObject,OOP_prepared,"[59, 60, 52, 53, 50, 62, 49]","[59, 34, 35, 60, 53, 61, 56, 62, 50]",False,0.6825396825396826
GeometricObject,OOP_prepared,"[59, 60, 17, 18, 26, 27, 23, 62, 30, 63]","[59, 15, 60, 21, 61, 18, 62, 27, 63, 24]",False,0.7341772151898734
GeometricObject,OOP_prepared,"[59, 60, 61, 62, 63, 64, 65, 33, 34, 35, 37, 38, 40, 41, 43, 44, 46, 47, 52, 53, 55, 56]","[59, 34, 35, 60, 41, 61, 47, 62, 38, 63, 44, 64, 53, 65, 56]",False,0.5782312925170068
GeometricObject,OOP_prepared,"[59, 60, 61, 62, 62, 63, 63, 62, 63]","[59, 15, 34, 35, 60, 61, 24, 62, 27, 63, 30, 60, 61, 50, 62, 53, 63, 56, 60]",False,0.5945945945945946
InvoiceItem,OOP_prepared,"[40, 41, 32, 33, 35, 36, 43]","[40, 3, 4, 5, 6, 41, 9, 42, 33, 43, 36]",False,0.6666666666666666
InvoiceItem,OOP_prepared,"[40, 41, 42, 32, 33, 35, 44]","[40, 3, 4, 5, 6, 41, 24, 42, 21, 43, 33, 44, 36]",False,0.6533333333333333
InvoiceItem,OOP_prepared,"[40, 41, 42, 33, 42, 35, 36, 43, 35, 36, 44, 35, 36]","[40, 3, 4, 5, 6, 41, 30, 42, 27, 43, 33, 44, 36]",False,0.6868686868686869
InvoiceItem,OOP_prepared,"[40, 41, 42, 43, 44, 45, 2, 3, 4, 5, 6, 11, 12, 14, 15, 20, 21, 26, 27, 32, 33, 35, 36]","[40, 3, 4, 5, 6, 41, 12, 42, 18, 43, 9, 44, 15, 45, 36]",False,0.5460992907801419
InvoiceItem,OOP_prepared,"[40, 41, 42, 43, 44, 45, 46, 35, 36]","[40, 3, 4, 5, 6, 41, 24, 42, 30, 43, 18, 44, 15, 45, 33, 46, 36]",False,0.6363636363636364
Invoice,OOP_prepared,"[70, 31, 32, 33, 72, 42, 70, 3, 72, 63, 70, 32, 54, 2, 70, 32, 57, 70, 32, 60, 62, 70, 32, 63, 70, 32, 66, 69, 70, 31, 32, 33, 71, 31, 32, 33, 72, 41, 42, 70, 72, 73, 70, 32, 63, 70, 32, 66, 74, 65, 66]","[70, 3, 4, 5, 71, 31, 32, 33, 72, 57, 14, 73, 63, 20, 74, 66, 26]",False,0.18045112781954886
Invoice,OOP_prepared,"[70, 31, 32, 33, 35, 36, 38, 39, 41, 42, 44, 45, 47, 48, 50, 51, 53, 54, 56, 57, 59, 60, 62, 63, 65, 66, 72, 35, 36, 38, 39, 47, 48, 50, 51, 62, 63, 65, 66, 74]","[70, 3, 4, 5, 71, 31, 32, 33, 72, 51, 73, 63, 20, 74, 66, 26]",False,0.21818181818181817
Invoice,OOP_prepared,"[70, 2, 3, 4, 5, 6, 7, 8, 10, 11, 13, 14, 16, 17, 19, 20, 22, 23, 30, 31, 32, 33, 35, 36, 38, 39, 41, 42, 44, 45, 47, 48, 50, 51, 53, 54, 56, 57, 59, 60, 62, 63, 65, 66, 69, 70, 2, 3, 4, 5, 6, 7, 8, 10, 11, 13, 14, 16, 17, 19, 20, 22, 23, 72, 54, 57, 59, 73, 60, 74, 63, 75, 26]","[70, 3, 4, 5, 71, 31, 32, 33, 72, 42, 23, 73, 60, 20, 74, 63, 20, 75, 66, 26]",False,0.05649717514124294
Invoice,OOP_prepared,"[70, 31, 32, 33, 35, 36, 38, 39, 41, 42, 44, 45, 53, 54, 56, 57, 59, 60, 62, 63, 65, 66, 69, 70, 31, 32, 33, 72, 41, 42, 44, 45, 53, 54, 73, 13, 14, 74, 62, 63, 65, 66, 76]","[70, 3, 4, 5, 71, 31, 32, 33, 72, 3, 4, 5, 45, 73, 42, 17, 74, 57, 14, 75, 63, 20, 76, 66, 26]",False,0.08679245283018867
Invoice,OOP_prepared,"[70, 2, 3, 4, 5, 7, 8, 32, 30, 31, 33, 35, 36, 38, 39, 41, 42, 44, 45, 47, 48, 50, 51, 53, 54, 56, 57, 59, 60, 62, 63, 72, 73, 10, 11, 13, 14, 16, 17, 19, 20, 22, 23, 74, 75, 76, 65, 66, 77]","[70, 3, 4, 5, 71, 31, 32, 33, 72, 48, 51, 73, 42, 23, 74, 54, 8, 75, 60, 20, 76, 63, 20, 77, 66, 26]",False,0.08996539792387544
LineSub,OOP_prepared,"[90, 91, 92, 93, 94, 31, 43, 46, 55, 58, 61, 64, 85, 88]","[91, 5, 6, 92, 12, 93, 15, 94, 9]",False,0.4090909090909091
LineSub,OOP_prepared,"[94, 95, 43, 46, 97, 85, 98, 88]","[92, 5, 6, 93, 5, 6, 94, 30, 31, 12, 15, 5, 6, 32, 95, 43, 12, 15, 5, 6, 9, 96, 46, 9, 97, 85, 12, 12, 15, 15, 98, 88, 15, 15, 12, 12]",False,0.38181818181818183
LineSub,OOP_prepared,"[93, 94, 95, 96, 97, 98, 30, 31, 32, 43, 46, 55, 58, 61, 64, 40, 42, 45, 46, 49, 52, 55, 58, 61, 64, 85, 87, 88]","[93, 30, 33, 34, 5, 6, 35, 5, 6, 94, 55, 12, 95, 58, 15, 96, 61, 12, 97, 64, 15, 98, 40, 9, 9]",False,0.25853658536585367
LineSub,OOP_prepared,"[93, 94, 95, 96, 85, 87, 88, 98, 40, 43, 46, 61, 64, 84, 87, 88]","[93, 30, 33, 34, 5, 6, 35, 5, 6, 94, 49, 24, 25, 95, 52, 24, 25, 96, 85, 12, 12, 15, 15, 97, 88, 15, 15, 12, 12, 98, 40, 9, 9]",False,0.42328042328042326
LineSub,OOP_prepared,"[94, 31, 32, 34, 35, 43, 49, 52, 61, 64, 85, 88, 40, 43, 49, 52, 61, 64]","[92, 5, 6, 93, 5, 6, 94, 30, 31, 12, 15, 5, 6, 32, 95, 73, 24, 25, 96, 82, 24, 25, 97, 85, 12, 12, 15, 15, 98, 88, 15, 15, 12, 12, 99, 40, 9, 9]",False,0.4558139534883721
MovableCircle,OOP_prepared,"[105, 106, 107, 28, 56, 29, 108, 28, 56]","[105, 23, 24, 25, 26, 106, 53, 107, 56, 108, 53]",False,0.6206896551724138
MovableCircle,OOP_prepared,"[105, 106, 107, 92, 106, 103]","[105, 70, 71, 72, 23, 24, 25, 26, 106, 89, 53, 107, 92, 35, 47, 38, 108, 89, 53]",False,0.5
MovableCircle,OOP_prepared,"[105, 106, 107, 92, 98, 108, 92, 98, 89]","[105, 23, 24, 25, 26, 70, 71, 74, 106, 89, 53, 107, 98, 29, 41, 32, 108, 95, 35, 47, 38, 109, 89, 53]",False,0.5357142857142857
MovableCircle,OOP_prepared,"[105, 106, 107, 56, 108, 62, 109, 29, 35, 41, 53]","[105, 23, 24, 25, 26, 106, 53, 107, 56, 108, 62, 109, 53]",False,0.6952380952380952
MovableCircle,OOP_prepared,"[105, 106, 72, 76, 83, 92, 83, 35, 98, 83, 41, 83, 92, 83, 35, 101, 83, 53]","[105, 23, 24, 25, 26, 70, 71, 74, 106, 89, 53, 107, 95, 35, 47, 38, 108, 101, 29, 41, 32, 109, 89, 53]",False,0.5170454545454546
MovablePoint_2,OOP_prepared,"[75, 76, 62, 63, 77, 62, 63]","[75, 22, 23, 24, 25, 76, 63, 77, 60]",False,0.6825396825396826
MovablePoint_2,OOP_prepared,"[75, 76, 77, 62, 63, 78, 68, 69, 78]","[76, 22, 23, 24, 25, 77, 69, 78, 60]",False,0.6901408450704225
MovablePoint_2,OOP_prepared,"[75, 76, 77, 63, 78, 66, 79, 62, 63, 59, 62, 63]","[76, 22, 23, 24, 25, 77, 72, 78, 66, 79, 60]",False,0.6263736263736264
MovablePoint_2,OOP_prepared,"[75, 76, 63, 77, 69, 78, 59, 60]","[75, 22, 23, 24, 25, 76, 63, 77, 69, 78, 60]",False,0.7333333333333333
MovablePoint_2,OOP_prepared,"[75, 76, 77, 78, 79, 80, 81, 62, 43, 52, 43, 52, 63, 28, 45, 28, 45, 72]","[76, 22, 23, 24, 25, 77, 66, 78, 33, 79, 57, 80, 63, 81, 60]",False,0.45038167938931295
MovablePoint,OOP_prepared,"[72, 33, 34, 35, 36, 37, 39, 40, 41, 42, 43, 44, 45, 46, 47, 48, 49, 50, 51, 52, 53, 54, 55, 56, 57, 58, 59, 60, 61, 62, 63, 65, 66, 67, 68, 73]","[72, 35, 3, 4, 36, 37, 73, 66, 8, 12, 67, 16, 20, 68, 63, 30]",False,0.19117647058823528
MovablePoint,OOP_prepared,"[71, 72, 73, 74, 33, 34, 35, 36, 37, 39, 40, 41, 43, 44, 45, 47, 48, 49, 51, 52, 53, 55, 56, 57, 59, 60, 62, 65, 66, 67, 68]","[72, 3, 4, 73, 23, 24, 74, 30]",False,0.11764705882352941
MovablePoint,OOP_prepared,"[72, 35, 36, 37, 41, 45, 49, 53, 60, 63, 65, 66, 67, 68, 73]","[72, 35, 3, 4, 36, 37, 73, 60]",False,0.5168539325842697
MovablePoint,OOP_prepared,"[72, 35, 36, 37, 41, 45, 49, 53, 66, 67, 68, 74]","[72, 35, 3, 4, 36, 37, 73, 66, 8, 12, 67, 16, 20, 68, 74, 63, 30]",False,0.625
MovablePoint,OOP_prepared,"[72, 73, 74, 35, 36, 37, 41, 45, 49, 53, 66, 67, 68, 30, 63, 75]","[72, 35, 3, 4, 36, 37, 73, 56, 57, 74, 66, 8, 12, 67, 16, 20, 68, 75, 63, 30]",False,0.6714285714285714
MovableRectangle,OOP_prepared,"[105, 106, 22, 23, 24, 25, 26, 28, 29, 31, 32, 34, 35, 37, 38, 40, 41, 43, 44, 46, 47, 49, 50, 52, 55, 56, 53, 108]","[106, 23, 24, 25, 26, 107, 56, 108, 53]",False,0.1437908496732026
MovableRectangle,OOP_prepared,"[107, 108, 56, 109, 62, 110, 53]","[107, 23, 24, 25, 26, 108, 59, 109, 62, 110, 53]",False,0.7848101265822784
MovableRectangle,OOP_prepared,"[107, 70, 71, 73, 74, 28, 29, 37, 35, 40, 41, 88, 89, 90, 85, 108, 55, 56, 109, 52]","[107, 23, 24, 25, 26, 23, 24, 25, 26, 70, 71, 108, 89, 35, 47, 38, 90, 35, 47, 38, 109, 86, 53, 53]",False,0.47513812154696133
MovableRectangle,OOP_prepared,"[107, 70, 71, 73, 74, 28, 29, 40, 41, 55, 56, 73, 74, 28, 29, 46, 47, 58, 59, 73, 74, 28, 29, 46, 47, 85, 110]","[107, 23, 24, 25, 26, 23, 24, 25, 26, 70, 71, 108, 97, 29, 41, 32, 98, 29, 41, 32, 109, 93, 35, 47, 38, 94, 35, 47, 38, 110, 86, 53, 53]",False,0.21224489795918366
MovableRectangle,OOP_prepared,"[105, 106, 22, 23, 24, 25, 26, 28, 29, 31, 32, 34, 35, 37, 38, 40, 41, 43, 44, 46, 47, 49, 50, 52, 53, 55, 56, 61, 62, 109, 32, 110, 38, 111, 53]","[106, 23, 24, 25, 26, 107, 56, 108, 62, 109, 32, 110, 38, 111, 53]",False,0.3238095238095238
MyCircle,OOP_prepared,"[93, 94, 41, 42, 40, 47, 49, 50, 61, 62, 49, 50, 67, 68, 49, 50, 64, 65, 49, 50, 27, 28, 29, 41, 42, 27, 28, 29, 41, 42]","[93, 5, 6, 41, 42, 47, 94, 5, 6, 41, 42, 47, 86, 28, 30, 33]",False,0.1564245810055866
MyCircle,OOP_prepared,"[93, 94, 41, 42, 40, 47, 49, 50, 61, 62, 49, 50, 67, 68, 49, 50, 64, 65, 49, 50, 27, 28, 29, 49, 50, 27, 30, 31, 49, 50, 27, 32, 33, 49, 50, 35, 36, 92]","[93, 5, 6, 41, 42, 47, 94, 5, 6, 41, 42, 47, 86, 28, 30, 33]",False,0.27488151658767773
MyCircle,OOP_prepared,"[93, 94, 42, 94, 45, 46, 47, 96, 80]","[93, 5, 6, 41, 42, 47, 94, 62, 9, 95, 65, 15, 96, 80]",False,0.7386363636363636
MyCircle,OOP_prepared,"[93, 40, 41, 42, 47, 92, 94, 40, 43, 44, 47, 92, 95, 27, 28, 29, 30, 31]","[93, 5, 6, 41, 42, 47, 94, 41, 43, 44, 5, 6, 47, 95, 86, 28, 30, 33]",False,0.8345323741007195
MyCircle,OOP_prepared,"[93, 94, 94, 95, 96, 4, 5, 6, 62, 65, 68, 80]","[93, 41, 43, 46, 5, 6, 47, 94, 77, 24, 25, 95, 59, 96, 83]",False,0.5686274509803921
MyComplex,OOP_prepared,"[81, 82, 83, 84, 85, 3, 4, 5, 6, 8, 9, 11, 12, 14, 15, 17, 18, 20, 21, 23, 24, 26, 27, 29, 30, 32, 33, 35, 36, 38, 39, 41, 42, 43, 44, 46, 47, 48, 49, 51, 52, 54, 55, 56, 57, 59, 60, 62, 63, 64, 65, 66, 67, 69, 70, 71, 72, 73, 74, 75, 77, 78, 79]","[82, 5, 6, 83, 5, 6, 84, 47, 48, 49, 85, 21]",False,0.020761245674740483
MyComplex,OOP_prepared,"[82, 83, 84, 85, 86, 87, 82, 5, 83, 14, 15, 84, 23, 83, 5, 86, 29, 30, 83, 32, 33, 83]","[82, 5, 6, 83, 5, 6, 84, 27, 85, 24, 86, 30, 87, 33]",False,0.5036496350364964
MyComplex,OOP_prepared,"[81, 82, 83, 84, 51, 52, 51, 52]","[82, 5, 6, 83, 5, 6, 84, 52, 5, 6]",False,0.6461538461538462
MyComplex,OOP_prepared,"[81, 82, 83, 84, 59, 60, 84]","[82, 5, 6, 83, 5, 6, 84, 60, 5, 6]",False,0.7377049180327869
MyComplex,OOP_prepared,"[84, 82, 83, 2, 3, 2, 3, 2, 3, 2, 3, 2, 3, 2, 4, 84, 85]","[82, 5, 6, 83, 5, 6, 84, 63, 64, 65, 66, 67, 85, 21]",False,0.42990654205607476
MyDate,OOP_prepared,"[90, 91, 28, 29, 30, 31, 32, 33, 34, 35, 28, 29, 30, 31, 32, 33, 34, 35, 28, 29, 30, 31, 32, 33, 34, 35]","[90, 6, 7, 8, 91, 46, 47, 29, 30, 31, 35]",False,0.2222222222222222
MyDate,OOP_prepared,"[90, 81, 82, 83, 84, 85, 86, 87]","[90, 80, 81, 82, 86, 87]",False,0.7090909090909091
MyDate,OOP_prepared,"[90, 72, 73, 83, 84, 85, 87]","[90, 72, 73, 76]",False,0.6744186046511628
MyDate,OOP_prepared,"[90, 63, 64, 65, 66, 67, 68, 89]","[90, 64, 66, 68]",False,0.6595744680851063
MyDate,OOP_prepared,"[90, 91, 46, 92, 46, 93, 38]","[90, 6, 7, 8, 91, 46, 47, 29, 30, 31, 32, 33, 34, 92, 46, 47, 93, 38, 39]",False,0.55
MyLine,OOP_prepared,"[107, 45, 46, 49, 97, 29, 36, 108]","[107, 5, 6, 5, 6, 41, 42, 43, 108, 97, 28, 29]",False,0.6329113924050633
MyLine,OOP_prepared,"[108, 5, 6, 108, 109, 9, 10, 109, 9, 10, 109, 9, 10, 109, 9, 10, 109, 9, 10, 109, 9, 10, 109, 9, 10, 109, 9, 10, 109, 9, 10, 109, 9, 10, 109, 9, 10, 109, 9, 10, 109, 9, 10, 109, 9, 10, 109, 9, 10, 109, 9, 10, 109, 9, 10, 109, 9, 10, 109, 9, 10, 109, 9, 10, 109, 9, 10, 109, 9, 10, 109, 9, 10, 109, 9, 10, 109, 9, 10, 109, 9, 10, 109, 9, 10, 109, 9, 10, 109, 9, 10, 109, 9, 10, 109, 9, 10, 109, 9, 10, 109, 9, 10, 109, 9, 10, 109, 9, 10, 109, 9, 10, 109, 9, 10, 109, 9, 10, 109, 9, 10, 109, 9, 10, 109, 9, 10, 109, 9, 10, 109, 9, 10, 109, 9, 10, 109, 9, 10, 109, 9, 10, 109, 9, 10, 109, 9, 10, 109, 9, 10, 109, 9, 10, 109, 9, 10, 109, 9, 10, 109, 9, 10, 109, 9, 10, 109, 9, 10, 109, 9, 10, 109, 9, 10, 109, 9, 10, 109, 9, 10, 109, 9, 10, 109, 9, 10, 109, 9, 10, 109, 9, 10, 109, 9, 10, 109, 9, 10, 109, 9, 10, 109, 9, 10, 109, 9, 10, 109, 9, 10, 109, 9, 10, 109, 9, 10, 109, 9, 10, 109, 9, 10, 109, 9, 10, 109, 9, 10, 109, 9, 10, 109, 9, 10, 109, 9, 10, 109, 9, 10, 109, 9, 10, 109, 9, 10, 109, 9, 10, 109, 9, 10, 109, 9, 10, 109, 9, 10, 109, 9, 10, 109, 9, 10, 109, 9, 10, 109, 9, 10, 109, 9, 10, 109, 9, 10, 109, 9, 10, 109, 9, 10, 109, 9, 10, 109, 9, 10, 109, 9, 10, 109, 9, 10, 109, 9, 10, 109, 9, 10, 109, 9, 10, 109, 9, 10, 109, 9, 10, 109, 9, 10, 109, 9, 10, 109, 9, 10, 109, 9, 10, 109, 9, 10, 109, 9, 10, 109, 9, 10, 109, 9, 10, 109, 9, 10, 109, 9, 10, 109, 9, 10, 109, 9, 10, 109, 9, 10, 109, 9, 10, 109, 9, 10, 109, 9, 10, 109, 9, 10, 109, 9, 10, 109, 9, 10, 109, 9, 10, 109, 9, 10, 109, 9, 10, 109, 9, 10, 109, 9, 10, 109, 9, 10, 109, 9, 10, 109, 9, 10, 109, 9, 10, 109, 9, 10, 109, 9, 10, 109, 9, 10, 109, 9, 10, 109, 9, 10, 109, 9, 10, 109, 9, 10, 109, 9, 10, 109, 9, 10, 109, 9, 10, 109, 9, 10, 109, 9, 10, 109, 9, 10, 109, 9, 10, 109, 9, 10, 109, 9, 10, 109, 9, 10, 109, 9, 10, 109, 9, 10, 109, 9, 10, 109, 9, 10, 109, 9, 10, 109, 9, 10, 109, 9, 10, 109, 9, 10, 109, 9, 10, 109, 9, 10, 109, 9, 10, 109, 9, 10, 109, 9, 10, 109, 9, 10, 109, 9, 10, 109, 9, 10, 109, 9, 10, 109, 9, 10, 109, 9, 10, 109, 9, 10, 109, 9, 10, 109, 9, 10, 109, 9, 10, 109, 9, 10, 109, 9, 10, 109, 9, 10, 109, 9, 10, 109, 9, 10, 109, 9, 10, 109, 9, 10, 109, 9, 10, 109, 9, 10, 109, 9, 10, 109, 9, 10, 109, 9, 10, 109, 9, 10, 109, 9, 10, 109, 9, 10, 109, 9, 10, 109, 9, 10, 109, 9, 10, 109, 9, 10, 109, 9, 10, 109, 9, 10, 109, 9, 10, 109, 9, 10, 109, 9, 10, 109, 9, 10, 109, 9, 10, 109, 9, 10, 109, 9, 10, 109, 9, 10, 109, 9, 10, 109, 9, 10, 109, 9, 10, 109, 9, 10, 109, 9, 10, 109, 9, 10, 109, 9, 10, 109, 9, 10, 109, 9, 10, 109, 9, 10, 109, 9, 10, 109, 9, 10, 109, 9, 10, 109, 9, 10, 109, 9, 10, 109, 9, 10, 109, 9, 10, 109, 9, 10, 109, 9, 10, 109, 9, 10, 109, 9, 10, 109, 9, 10, 109, 9, 10, 109, 9, 10, 109, 9, 10, 109, 9, 10, 109, 9, 10, 109, 9, 10, 109, 9, 10, 109, 9, 10, 109, 9, 10, 109, 9, 10, 109, 9, 10, 109, 9, 10, 109, 9, 10, 109, 9, 10, 109, 9, 10, 109, 9, 10, 109, 9, 10, 109, 9, 10, 109, 9, 10, 109, 9, 10, 109, 9, 10, 109, 9, 10, 109, 9, 10, 109, 9, 10, 109, 9, 10, 109, 9, 10, 109, 9, 10, 109, 9, 10, 109, 9, 10, 109, 9, 10, 109, 9, 10, 109, 9, 10, 109, 9, 10, 109, 9, 10, 109, 9, 10, 109, 9, 10, 109, 9, 10, 109, 9, 10, 109, 9, 10, 109, 9, 10, 109, 9, 10, 109, 9, 10, 109, 9, 10, 109, 9, 10, 109, 9, 10, 109, 9, 10, 109, 9, 10, 109, 9, 10, 109, 9, 10, 109, 9, 10, 109, 9, 10, 109, 9, 10, 109, 9, 10, 109, 9, 10, 109, 9, 10, 109, 9, 10, 109, 9, 10, 109, 9, 10, 109, 9, 10, 109, 9, 10, 109, 9, 10, 109, 9, 10, 109, 9, 10, 109, 9, 10, 109, 9, 10, 109, 9, 10, 109, 9, 10, 109, 9, 10, 109, 9, 10, 109, 9, 10, 109, 9, 10, 109, 9, 10, 109, 9, 10, 109, 9, 10, 109, 9, 10, 109, 9, 10, 109, 9, 10, 109, 9, 10, 109, 9, 10, 109, 9, 10, 109, 9, 10, 109, 9, 10, 109, 9, 10, 109, 9, 10, 109, 9, 10, 109, 9, 10, 109, 9, 10, 109, 9, 10, 109, 9, 10, 109, 9, 10, 109, 9, 10, 109, 9, 10, 109, 9, 10, 109, 9, 10, 109, 9, 10, 109, 9, 10, 109, 9, 10, 109, 9, 10, 109, 9, 10, 109, 9, 10, 109, 9, 10, 109, 9, 10, 109, 9, 10, 109, 9, 10, 109, 9, 10, 109, 9, 10, 109, 9, 10, 109, 9, 10, 109, 9, 10, 109, 9, 10, 109, 9, 10, 109, 9, 10, 109, 9, 10, 109, 9, 10, 109, 9, 10, 109, 9, 10, 109, 9, 10, 109, 9, 10, 109, 9, 10, 109, 9, 10, 109, 9, 10, 109, 9, 10, 109, 9, 10, 109, 9, 10, 109, 9, 10, 109, 9, 10, 109, 9, 10, 109, 9, 10, 109, 9, 10, 109, 9, 10, 109, 9, 10, 109, 9, 10, 109, 9, 10, 109, 9, 10, 109, 9, 10, 109, 9, 10, 109, 9, 10, 109, 9, 10, 109, 9, 10, 109, 9, 10, 109, 9, 10, 109, 9, 10, 109, 9, 10, 109, 9, 10, 109, 9, 10, 109, 9, 10, 109, 9, 10, 109, 9, 10, 109, 9, 10, 109, 9, 10, 109, 9, 10, 109, 9, 10, 109, 9, 10, 109, 9, 10, 109, 9, 10, 109, 9, 10, 109, 9, 10, 109, 9, 10, 109, 9, 10, 109, 9, 10, 109, 9, 10, 109, 9, 10, 109, 9, 10, 109, 9, 10, 109, 9, 10, 109, 9, 10, 109, 9, 10, 109, 9, 10, 109, 9, 10, 109, 9, 10, 109, 9, 10, 109, 9, 10, 109, 9, 10, 109, 9, 10, 109, 9, 10, 109, 9, 10, 109, 9, 10, 109, 9, 10, 109, 9, 10, 109, 9, 10, 109, 9, 10, 109, 9, 10, 109, 9, 10, 109, 9, 10, 109, 9, 10, 109, 9, 10, 109, 9, 10, 109, 9, 10, 109, 9, 10, 109, 9, 10, 109, 9, 10, 109, 9, 10, 109, 9, 10, 109, 9, 10, 109, 9, 10, 109, 9, 10, 109, 9, 10, 109, 9, 10, 109, 9, 10, 109, 9, 10, 109, 9, 10, 109, 9, 10, 109, 9, 10, 109, 9, 10, 109, 9, 10, 109, 9, 10, 109, 9, 10, 109, 9, 10, 109, 9, 10, 109, 9, 10, 109, 9, 10, 109, 9, 10, 109, 9, 10, 109, 9, 10, 109, 9, 10, 109, 9, 10, 109, 9, 10, 109, 9, 10, 109, 9, 10, 109, 9, 10, 109, 9, 10, 109, 9, 10, 109, 9, 10, 109, 9, 10, 109, 9, 10, 109, 9, 10, 109, 9, 10, 109, 9, 10, 109, 9, 10, 109, 9, 10, 109, 9, 10, 109, 9, 10, 109, 9, ","[107, 5, 6, 108, 24, 25, 109, 9, 15]",False,0.006004366812227074
MyLine,OOP_prepared,"[113, 114, 40, 41, 45, 46, 48, 49, 96, 97, 114, 40, 41, 45, 46, 48, 49, 96, 97]","[114, 41, 45, 5, 6, 46, 5, 6, 115, 97, 28, 29]",False,0.5483870967741935
MyLine,OOP_prepared,"[105, 106, 107, 108, 109, 3, 4, 5, 6, 28, 29, 48, 49, 30, 31, 35, 36, 48, 49, 30, 31, 35, 36]","[106, 5, 6, 107, 5, 6, 108, 41, 42, 43, 109, 100, 15, 15, 9, 9]",False,0.535483870967742
MyLine,OOP_prepared,"[1, 106, 107, 40, 45, 46, 48, 49, 50, 55, 96, 97, 99, 100, 102, 103]","[106, 41, 45, 5, 6, 46, 5, 6, 107, 97, 28, 29]",False,0.3893805309734513
MyPoint,OOP_prepared,"[38, 39, 40, 41, 28, 29, 28, 29, 28, 29]","[39, 5, 6, 40, 5, 6, 41, 28, 29]",False,0.5492957746478874
MyPoint,OOP_prepared,"[38, 39, 40, 30, 31, 30, 31, 30, 31, 30, 31, 30, 31, 33]","[39, 5, 6, 40, 28, 30, 31]",False,0.38271604938271603
MyPoint,OOP_prepared,"[38, 39, 40, 41, 28, 29, 28, 29, 28, 29]","[39, 5, 6, 40, 5, 6, 41, 28, 29]",False,0.5492957746478874
MyPoint,OOP_prepared,"[38, 39, 40, 30, 31, 30, 31, 30, 31, 30, 31, 30, 31, 33]","[39, 5, 6, 40, 28, 30, 31]",False,0.38271604938271603
MyPoint,OOP_prepared,"[38, 39, 40, 35, 36, 27, 28, 29, 27, 28, 29, 27, 30, 31, 27, 32, 33, 35, 36]","[39, 5, 6, 40, 24, 25, 41, 28, 30, 33]",False,0.504424778761062
MyPolynomial,OOP_prepared,"[63, 64, 65, 66, 2, 3, 5, 6, 8, 9, 11, 12, 14, 15, 16, 17, 18, 19, 20, 22, 23, 25, 26, 27, 28, 29, 31, 32, 33, 34, 37, 38, 39, 41, 42, 43, 44, 45, 46, 47, 49, 51, 52, 53, 55, 56, 57, 58, 59, 37, 38, 39, 41, 42, 43, 44, 45, 46, 47, 49]","[64, 3, 65, 3, 66, 3, 67, 38, 12, 39, 41, 42, 43, 12, 44, 45, 12, 46, 47, 41, 42, 43, 12, 44, 45, 12, 46, 47, 41, 42, 43, 12, 44, 45, 12, 46, 47, 41, 49, 3, 15, 16, 17, 19, 20, 25, 26, 16, 17, 19, 22, 23, 25, 27, 28, 16, 17, 19, 22, 23, 25, 27, 16, 29]",False,0.06391752577319587
MyPolynomial,OOP_prepared,"[62, 63, 64, 5, 6, 14, 15, 16, 17, 18, 16, 17, 18, 16, 19, 20, 22, 23, 26, 16, 17, 18, 16, 19, 20, 22, 23, 26, 29, 31, 32, 33, 34, 35, 37, 38, 39, 41, 42, 43, 44, 45, 46, 47, 49, 51, 52, 53, 54, 55, 56, 57, 58, 59, 62]","[63, 3, 64, 9, 65, 6, 66, 15, 16, 17, 19, 20, 25, 26, 16, 17, 18, 16, 17, 19, 22, 23, 25, 27, 28, 16, 17, 18, 16, 29]",False,0.2694610778443114
MyPolynomial,OOP_prepared,"[64, 65, 16, 17, 18, 16, 17, 18, 16, 19, 20, 16, 22, 23, 26, 16, 22, 23, 28, 29, 33, 34, 33, 34, 33, 34, 35, 38, 39, 41, 42, 43, 44, 41, 42, 45, 46, 47, 49, 52, 53, 55, 56, 57, 58, 59, 60, 63]","[64, 3, 65, 32, 33, 34, 33, 34, 33, 34, 33, 35, 66, 15, 16, 17, 19, 20, 25, 26, 16, 17, 19, 22, 23, 25, 27, 28, 16, 17, 19, 22, 23, 25, 27, 16, 29]",False,0.19230769230769232
MyPolynomial,OOP_prepared,"[64, 2, 3, 5, 8, 9, 11, 12, 14, 15, 16, 17, 18, 16, 17, 18, 16, 17, 18, 16, 17, 18, 16, 17, 18, 16, 17, 18, 16, 17, 18, 16, 17, 18, 16, 17, 18, 16, 17, 18, 16, 17, 18, 16, 17, 18, 16, 17, 18, 16, 17, 18, 16, 17, 18, 16, 17, 18, 16, 17, 18, 16, 17, 18, 16, 17, 18, 16, 17, 18, 16, 17, 18, 16, 17, 18, 16, 17, 18, 16, 17, 18, 16, 17, 18, 16, 17, 18, 16, 17, 18, 16, 17, 18, 16, 17, 18, 16, 17, 18, 16, 17, 18, 16, 17, 18, 16, 17, 18, 16, 17, 18, 16, 17, 18, 16, 17, 18, 16, 17, 18, 16, 17, 18, 16, 17, 18, 16, 17, 18, 16, 17, 18, 16, 17, 18, 16, 17, 18, 16, 17, 18, 16, 17, 18, 16, 17, 18, 16, 17, 18, 16, 17, 18, 16, 17, 18, 16, 17, 18, 16, 17, 18, 16, 17, 18, 16, 17, 18, 16, 17, 18, 16, 17, 18, 16, 17, 18, 16, 17, 18, 16, 17, 18, 16, 17, 18, 16, 17, 18, 16, 17, 18, 16, 17, 18, 16, 17, 18, 16, 17, 18, 16, 17, 18, 16, 17, 18, 16, 17, 18, 16, 17, 18, 16, 17, 18, 16, 17, 18, 16, 17, 18, 16, 17, 18, 16, 17, 18, 16, 17, 18, 16, 17, 18, 16, 17, 18, 16, 17, 18, 16, 17, 18, 16, 17, 18, 16, 17, 18, 16, 17, 18, 16, 17, 18, 16, 17, 18, 16, 17, 18, 16, 17, 18, 16, 17, 18, 16, 17, 18, 16, 17, 18, 16, 17, 18, 16, 17, 18, 16, 17, 18, 16, 17, 18, 16, 17, 18, 16, 17, 18, 16, 17, 18, 16, 17, 18, 16, 17, 18, 16, 17, 18, 16, 17, 18, 16, 17, 18, 16, 17, 18, 16, 17, 18, 16, 17, 18, 16, 17, 18, 16, 17, 18, 16, 17, 18, 16, 17, 18, 16, 17, 18, 16, 17, 18, 16, 17, 18, 16, 17, 18, 16, 17, 18, 16, 17, 18, 16, 17, 18, 16, 17, 18, 16, 17, 18, 16, 17, 18, 16, 17, 18, 16, 17, 18, 16, 17, 18, 16, 17, 18, 16, 17, 18, 16, 17, 18, 16, 17, 18, 16, 17, 18, 16, 17, 18, 16, 17, 18, 16, 17, 18, 16, 17, 18, 16, 17, 18, 16, 17, 18, 16, 17, 18, 16, 17, 18, 16, 17, 18, 16, 17, 18, 16, 17, 18, 16, 17, 18, 16, 17, 18, 16, 17, 18, 16, 17, 18, 16, 17, 18, 16, 17, 18, 16, 17, 18, 16, 17, 18, 16, 17, 18, 16, 17, 18, 16, 17, 18, 16, 17, 18, 16, 17, 18, 16, 17, 18, 16, 17, 18, 16, 17, 18, 16, 17, 18, 16, 17, 18, 16, 17, 18, 16, 17, 18, 16, 17, 18, 16, 17, 18, 16, 17, 18, 16, 17, 18, 16, 17, 18, 16, 17, 18, 16, 17, 18, 16, 17, 18, 16, 17, 18, 16, 17, 18, 16, 17, 18, 16, 17, 18, 16, 17, 18, 16, 17, 18, 16, 17, 18, 16, 17, 18, 16, 17, 18, 16, 17, 18, 16, 17, 18, 16, 17, 18, 16, 17, 18, 16, 17, 18, 16, 17, 18, 16, 17, 18, 16, 17, 18, 16, 17, 18, 16, 17, 18, 16, 17, 18, 16, 17, 18, 16, 17, 18, 16, 17, 18, 16, 17, 18, 16, 17, 18, 16, 17, 18, 16, 17, 18, 16, 17, 18, 16, 17, 18, 16, 17, 18, 16, 17, 18, 16, 17, 18, 16, 17, 18, 16, 17, 18, 16, 17, 18, 16, 17, 18, 16, 17, 18, 16, 17, 18, 16, 17, 18, 16, 17, 18, 16, 17, 18, 16, 17, 18, 16, 17, 18, 16, 17, 18, 16, 17, 18, 16, 17, 18, 16, 17, 18, 16, 17, 18, 16, 17, 18, 16, 17, 18, 16, 17, 18, 16, 17, 18, 16, 17, 18, 16, 17, 18, 16, 17, 18, 16, 17, 18, 16, 17, 18, 16, 17, 18, 16, 17, 18, 16, 17, 18, 16, 17, 18, 16, 17, 18, 16, 17, 18, 16, 17, 18, 16, 17, 18, 16, 17, 18, 16, 17, 18, 16, 17, 18, 16, 17, 18, 16, 17, 18, 16, 17, 18, 16, 17, 18, 16, 17, 18, 16, 17, 18, 16, 17, 18, 16, 17, 18, 16, 17, 18, 16, 17, 18, 16, 17, 18, 16, 17, 18, 16, 17, 18, 16, 17, 18, 16, 17, 18, 16, 17, 18, 16, 17, 18, 16, 17, 18, 16, 17, 18, 16, 17, 18, 16, 17, 18, 16, 17, 18, 16, 17, 18, 16, 17, 18, 16, 17, 18, 16, 17, 18, 16, 17, 18, 16, 17, 18, 16, 17, 18, 16, 17, 18, 16, 17, 18, 16, 17, 18, 16, 17, 18, 16, 17, 18, 16, 17, 18, 16, 17, 18, 16, 17, 18, 16, 17, 18, 16, 17, 18, 16, 17, 18, 16, 17, 18, 16, 17, 18, 16, 17, 18, 16, 17, 18, 16, 17, 18, 16, 17, 18, 16, 17, 18, 16, 17, 18, 16, 17, 18, 16, 17, 18, 16, 17, 18, 16, 17, 18, 16, 17, 18, 16, 17, 18, 16, 17, 18, 16, 17, 18, 16, 17, 18, 16, 17, 18, 16, 17, 18, 16, 17, 18, 16, 17, 18, 16, 17, 18, 16, 17, 18, 16, 17, 18, 16, 17, 18, 16, 17, 18, 16, 17, 18, 16, 17, 18, 16, 17, 18, 16, 17, 18, 16, 17, 18, 16, 17, 18, 16, 17, 18, 16, 17, 18, 16, 17, 18, 16, 17, 18, 16, 17, 18, 16, 17, 18, 16, 17, 18, 16, 17, 18, 16, 17, 18, 16, 17, 18, 16, 17, 18, 16, 17, 18, 16, 17, 18, 16, 17, 18, 16, 17, 18, 16, 17, 18, 16, 17, 18, 16, 17, 18, 16, 17, 18, 16, 17, 18, 16, 17, 18, 16, 17, 18, 16, 17, 18, 16, 17, 18, 16, 17, 18, 16, 17, 18, 16, 17, 18, 16, 17, 18, 16, 17, 18, 16, 17, 18, 16, 17, 18, 16, 17, 18, 16, 17, 18, 16, 17, 18, 16, 17, 18, 16, 17, 18, 16, 17, 18, 16, 17, 18, 16, 17, 18, 16, 17, 18, 16, 17, 18, 16, 17, 18, 16, 17, 18, 16, 17, 18, 16, 17, 18, 16, 17, 18, 16, 17, 18, 16, 17, 18, 16, 17, 18, 16, 17, 18, 16, 17, 18, 16, 17, 18, 16, 17, 18, 16, 17, 18, 16, 17, 18, 16, 17, 18, 16, 17, 18, 16, 17, 18, 16, 17, 18, 16, 17, 18, 16, 17, 18, 16, 17, 18, 16, 17, 18, 16, 17, 18, 16, 17, 18, 16, 17, 18, 16, 17, 18, 16, 17, 18, 16, 17, 18, 16, 17, 18, 16, 17, 18, 16, 17, 18, 16, 17, 18, 16, 17, 18, 16, 17, 18, 16, 17, 18, 16, 17, 18, 16, 17, 18, 16, 17, 18, 16, 17, 18, 16, 17, 18, 16, 17, 18, 16, 17, 18, 16, 17, 18, 16, 17, 18, 16, 17, 18, 16, 17, 18, 16, 17, 18, 16, 17, 18, 16, 17, 18, 16, 17, 18, 16, 17, 18, 16, 17, 18, 16, 17, 18, 16, 17, 18, 16, 17, 18, 16, 17, 18, 16, 17, 18, 16, 17, 18, 16, 17, 18, 16, 17, 18, 16, 17, 18, 16, 17, 18, 16, 17, 18, 16, 17, 18, 16, 17, 18, 16, 17, 18, 16, 17, 18, 16, 17, 18, 16, 17, 18, 16, 17, 18, 16, 17, 18, 16, 17, 18, 16, 17, 18, 16, 17, 18, 16, 17, 18, 16, 17, 18, 16, 17, 18, 16, 17, 18, 16, 17, 18, 16, 17, 18, 16, 17, 18, 16, 17, 18, 16, 17, 18, 16, 17, 18, 16, 17, 18, 16, 17, 18, 16, 17, 18, 16, 17, 18, 16, 17, 18, 16, 17, 18, 16, 17, 18, 16, 17, 18, 16, 17, 18, 16, 17, 18, 16, 17, 18, 16, 17, 18, 16, 17, 18, 16, 17, 18, 16, 17, 18, 16, 17, 18, 16, 17, 18, 16, 17, 18, 16, 17, 18, 16, 17, 18, 16, 17, 18, 16, 17, 18, 16, 17, ","[64, 3, 65, 3, 66, 38, 12, 39, 41, 42, 43, 12, 44, 45, 12, 46, 47, 41, 42, 43, 12, 44, 45, 12, 46, 47, 41, 42, 43, 12, 45, 12, 46, 47, 41, 49, 3, 15, 16, 17, 19, 20, 25, 26, 16, 17, 19, 22, 23, 25, 27, 28, 16, 17, 19, 22, 23, 25, 27, 16, 29, 67, 15, 16, 17, 19, 20, 25, 27, 28, 16, 17, 19, 22, 23, 25, 27, 16, 29]",False,0.008148404993065187
MyPolynomial,OOP_prepared,"[64, 2, 3, 16, 17, 18, 16, 17, 18, 16, 17, 18, 16, 19, 20, 22, 23, 26, 16, 17, 18, 16, 17, 18, 16, 19, 20, 22, 23, 26, 16, 17, 18, 16, 17, 18, 16, 19, 20, 22, 23, 26, 16, 17, 18, 16, 17, 18, 16, 19, 20, 22, 23, 26, 33, 34, 33, 34, 33, 34, 35, 38, 39, 41, 42, 43, 44, 42, 43, 44, 45, 46, 47, 49, 52, 53, 55, 56, 57, 58, 55, 56, 57, 58, 59, 64, 65, 66, 67, 14, 15, 16, 17, 18, 16, 17, 18, 16, 17, 18, 16, 19, 20, 22, 23, 26, 16, 17, 18, 16, 17, 18, 16, 19, 20, 22, 23, 26, 33, 34, 33, 34, 33, 34, 35, 14, 15, 16, 17, 18, 16, 17, 18, 16, 17, 18, 16, 19, 20, 22, 23, 26, 16, 17, 18, 16, 17, 18, 16, 19, 20, 22, 23, 26]","[64, 3, 65, 3, 66, 52, 12, 12, 53, 55, 56, 57, 58, 56, 57, 58, 56, 55, 56, 57, 58, 56, 57, 58, 56, 55, 56, 57, 58, 56, 57, 58, 56, 55, 60, 3, 15, 16, 17, 19, 20, 25, 26, 16, 17, 19, 22, 23, 25, 26, 16, 17, 19, 22, 23, 25, 27, 28, 16, 17, 19, 22, 23, 25, 27, 16, 29, 67, 15, 16, 17, 19, 20, 25, 27, 28, 16, 17, 19, 22, 23, 25, 27, 16, 29]",False,0.12631578947368421
MyRectangle,OOP_prepared,"[122, 123, 40, 41, 42, 43, 45, 46, 48, 49, 51, 52, 54, 55, 57, 58, 63, 64, 66, 67, 69, 70, 72, 73, 75, 76, 81, 82, 84, 85, 87, 88, 90, 91, 93, 94, 99, 100, 102, 103, 105, 106, 108, 109, 111, 112, 114, 115, 117, 118]","[122, 5, 6, 5, 6, 41, 42, 43, 123, 112, 103, 9, 15, 5, 6, 28, 29, 103, 9, 15, 5, 6, 28, 29]",False,0.04590163934426229
MyRectangle,OOP_prepared,"[121, 122, 123, 28, 29, 30, 31]","[121, 5, 6, 122, 5, 6, 123, 28, 29]",False,0.6923076923076923
MyRectangle,OOP_prepared,"[121, 122, 123, 124, 40, 41, 42, 43, 45, 46, 51, 52, 54, 55, 57, 58, 63, 64, 66, 67, 69, 70, 72, 73, 75, 76, 81, 82, 84, 85, 87, 88, 90, 91, 93, 94, 99, 100, 102, 103, 105, 106, 108, 109, 111, 112, 114, 115, 117, 118]","[122, 5, 6, 5, 6, 41, 42, 43, 123, 112, 103, 9, 15, 5, 6, 28, 29, 103, 9, 15, 5, 6, 28, 29, 124, 115, 103, 9, 15, 5, 6, 28, 29, 103, 9, 15, 5, 6, 28, 29]",False,0.02168021680216802
MyRectangle,OOP_prepared,"[122, 123, 40, 41, 42, 43, 45, 46, 48, 49, 51, 52, 54, 55, 57, 58, 63, 64, 66, 67, 69, 70, 72, 73, 75, 76, 81, 82, 84, 85, 87, 88, 90, 91, 93, 94, 99, 100, 102, 103, 105, 106, 108, 109, 111, 112, 114, 115, 117, 118]","[122, 41, 44, 45, 5, 6, 46, 5, 6, 123, 109, 36, 100, 9, 15, 5, 6, 36, 36, 103, 9, 15, 5, 6, 36]",False,0.045307443365695796
MyRectangle,OOP_prepared,"[121, 122, 123, 124, 125, 40, 41, 42, 43, 45, 46, 48, 49, 51, 52, 54, 55, 57, 58, 60, 61, 63, 64, 66, 67, 69, 70, 72, 73, 75, 76, 78, 79, 81, 82, 84, 85, 87, 88, 90, 91, 93, 94, 96, 97, 99, 100, 102, 103, 105, 106, 108, 109, 111, 112, 114, 115, 117, 118]","[121, 41, 44, 48, 5, 6, 49, 5, 6, 122, 76, 24, 25, 123, 94, 24, 25, 124, 112, 103, 9, 15, 5, 6, 28, 29, 103, 9, 15, 5, 6, 28, 29, 125, 115, 103, 9, 15, 5, 6, 28, 29, 103, 9, 15, 5, 6, 28, 29]",False,0.13288288288288289
MyTime,OOP_prepared,"[74, 75, 76, 75, 51, 52, 53, 54, 55]","[74, 5, 6, 7, 75, 33, 34, 35, 39, 76, 52, 53, 55, 77, 33, 34, 35, 39]",False,0.625
MyTime,OOP_prepared,"[73, 74, 75, 32, 33, 34, 35, 36, 37, 38, 39, 41, 42, 43, 45, 46, 47, 48, 49, 51, 52, 53, 54, 55]","[74, 5, 6, 7, 75, 52, 53, 54, 46, 47, 48, 42, 43, 49, 55, 76, 33, 34, 35, 39]",False,0.5523255813953488
MyTime,OOP_prepared,"[74, 75, 76, 33, 34, 35, 36, 37, 38, 39, 33, 34, 35, 36, 37, 38, 39, 42, 43, 46, 47, 48, 49, 52, 53, 54, 55, 58, 59, 62, 63, 64, 65, 68, 69, 70, 71]","[74, 5, 6, 7, 75, 28, 29, 30, 76, 33, 34, 35, 39]",False,0.1377551020408163
MyTime,OOP_prepared,"[74, 75, 67, 68, 69, 70, 71, 32, 33, 34, 35, 36, 37, 38, 39, 76]","[74, 5, 6, 7, 75, 68, 69, 70, 62, 63, 64, 58, 59, 65, 71, 76, 33, 34, 35, 39]",False,0.65
MyTime,OOP_prepared,"[81, 82, 83, 84, 85, 33, 34, 35, 36, 37, 38, 33, 34, 35, 36, 37, 38, 33, 34, 35, 36, 37, 38, 42, 43, 52, 53, 54, 55, 33, 34, 35, 36, 37, 38, 42, 43, 52, 53, 54, 55]","[82, 5, 6, 7, 83, 42, 43, 84, 62, 63, 65, 85, 52, 53, 55, 86, 33, 34, 35, 39]",False,0.11666666666666667
MyTriangle,OOP_prepared,"[87, 46, 47, 48, 88, 72, 73, 74, 75, 83, 88]","[87, 5, 6, 5, 6, 5, 6, 41, 42, 43, 44, 88, 69, 28, 29, 28, 29, 28, 29]",False,0.6460176991150443
MyTriangle,OOP_prepared,"[87, 88, 89, 90, 91, 92, 5, 6, 5, 6, 28, 29, 30, 31, 32, 33, 35, 36]","[87, 5, 6, 88, 12, 89, 18, 90, 9, 91, 15, 92, 28, 30, 33]",False,0.43548387096774194
MyTriangle,OOP_prepared,"[87, 46, 47, 48, 88, 69, 72, 73, 74, 75, 89, 82]","[87, 5, 6, 5, 6, 5, 6, 41, 42, 43, 44, 88, 69, 28, 29, 28, 29, 28, 29, 89, 72, 28, 29, 73, 28, 29, 74, 28, 29, 75, 77, 80]",False,0.4911242603550296
MyTriangle,OOP_prepared,"[87, 46, 47, 48, 88, 69, 72, 73, 74, 75, 89, 82]","[87, 41, 46, 5, 6, 47, 5, 6, 48, 5, 6, 88, 69, 28, 29, 28, 29, 28, 29, 89, 72, 28, 29, 73, 28, 29, 74, 28, 29, 75, 77, 80]",False,0.5088757396449705
MyTriangle,OOP_prepared,"[87, 46, 47, 48, 88, 69, 72, 73, 74, 75, 89, 82]","[87, 5, 6, 5, 6, 5, 6, 41, 42, 43, 44, 88, 69, 28, 29, 28, 29, 28, 29, 89, 72, 28, 29, 73, 28, 29, 74, 28, 29, 75, 77, 78]",False,0.4911242603550296
Player,OOP_prepared,"[59, 60, 61, 62, 55, 56, 57, 33, 63]","[60, 6, 7, 8, 61, 38, 39, 40, 41, 62, 55, 11, 14, 56, 17, 20, 57, 23, 26, 63, 34]",False,0.5344827586206896
Player,OOP_prepared,"[59, 60, 37, 38, 39, 40, 41, 43, 44, 45, 46, 47, 48, 50, 51, 52, 54, 55, 56, 57, 62, 39, 40, 62]","[60, 38, 39, 40, 41, 61, 44, 45, 62]",False,0.5267175572519084
Player,OOP_prepared,"[59, 60, 37, 38, 39, 40, 41, 61, 47, 48, 62, 37, 38, 39, 40, 41, 43, 44, 45, 50, 51, 52, 54, 55, 56, 57]","[60, 38, 39, 40, 41, 61, 48, 62]",False,0.4444444444444444
Player,OOP_prepared,"[67, 68, 69, 70, 51, 52, 60, 61, 62, 63, 64, 55, 56, 57, 33, 67, 68, 69, 70, 51, 52]","[68, 6, 7, 8, 69, 38, 39, 40, 41, 70, 51, 11, 17, 23, 52]",False,0.42857142857142855
Player,OOP_prepared,"[60, 61, 62, 63, 55, 56, 57, 64, 34]","[61, 6, 7, 8, 62, 38, 39, 40, 41, 63, 55, 11, 14, 56, 17, 20, 57, 23, 26, 64, 34]",False,0.5431034482758621
Point3D,OOP_prepared,"[58, 59, 35, 36, 39, 40, 42, 43, 46, 47, 48, 53, 60, 35, 36, 39, 40, 42, 43, 46, 47, 48]","[58, 35, 3, 4, 36, 59, 47, 23, 24, 48, 60, 54, 8, 16]",False,0.4142857142857143
Point3D,OOP_prepared,"[57, 58, 59, 2, 3, 23, 4, 24, 27, 29, 30, 57, 58, 59, 60, 2, 3, 23, 4, 24, 27]","[58, 3, 4, 59, 23, 24, 60, 27]",False,0.48598130841121495
Point3D,OOP_prepared,"[58, 59, 35, 36, 38, 40, 42, 43, 46, 47, 48, 26, 27, 29, 30]","[58, 35, 3, 4, 36, 59, 51, 8, 16]",False,0.4673913043478261
Point3D,OOP_prepared,"[58, 59, 35, 36, 38, 40, 42, 43, 46, 47, 48, 29, 57, 59, 35, 36, 38, 40, 42, 43, 46, 47, 48, 53]","[58, 35, 3, 4, 36, 59, 47, 23, 24, 48, 60, 54, 8, 16]",False,0.43243243243243246
Point3D,OOP_prepared,"[58, 59, 35, 36, 38, 40, 42, 43, 29, 57, 33, 34, 35, 36, 38, 40, 42, 43, 53]","[58, 35, 3, 4, 36, 59, 44, 60, 54, 8, 16]",False,0.5258620689655172
Rectangle,OOP_prepared,"[28, 29, 2, 3, 2, 3, 2, 3, 2, 3, 2, 3, 2, 3, 2, 3, 2, 3, 2, 3, 2, 3, 2, 3, 2, 3, 2, 3, 2, 3, 2, 3, 2, 3, 2, 3, 2, 3, 2, 3, 2, 3, 2, 3, 2, 3, 2, 3, 2, 3, 2, 3, 2, 3, 2, 3, 2, 3, 2, 3, 2, 3, 2, 3, 2, 3, 2, 3, 2, 3, 2, 3, 2, 3, 2, 3, 2, 3, 2, 3, 2, 3, 2, 3, 2, 3, 2, 3, 2, 3, 2, 3, 2, 3, 2, 3, 2, 3, 2, 3, 2, 3, 2, 3, 2, 3, 2, 3, 2, 3, 2, 3, 2, 3, 2, 3, 2, 3, 2, 3, 2, 3, 2, 3, 2, 3, 2, 3, 2, 3, 2, 3, 2, 3, 2, 3, 2, 3, 2, 3, 2, 3, 2, 3, 2, 3, 2, 3, 2, 3, 2, 3, 2, 3, 2, 3, 2, 3, 2, 3, 2, 3, 2, 3, 2, 3, 2, 3, 2, 3, 2, 3, 2, 3, 2, 3, 2, 3, 2, 3, 2, 3, 2, 3, 2, 3, 2, 3, 2, 3, 2, 3, 2, 3, 2, 3, 2, 3, 2, 3, 2, 3, 2, 3, 2, 3, 2, 3, 2, 3, 2, 3, 2, 3, 2, 3, 2, 3, 2, 3, 2, 3, 2, 3, 2, 3, 2, 3, 2, 3, 2, 3, 2, 3, 2, 3, 2, 3, 2, 3, 2, 3, 2, 3, 2, 3, 2, 3, 2, 3, 2, 3, 2, 3, 2, 3, 2, 3, 2, 3, 2, 3, 2, 3, 2, 3, 2, 3, 2, 3, 2, 3, 2, 3, 2, 3, 2, 3, 2, 3, 2, 3, 2, 3, 2, 3, 2, 3, 2, 3, 2, 3, 2, 3, 2, 3, 2, 3, 2, 3, 2, 3, 2, 3, 2, 3, 2, 3, 2, 3, 2, 3, 2, 3, 2, 3, 2, 3, 2, 3, 2, 3, 2, 3, 2, 3, 2, 3, 2, 3, 2, 3, 2, 3, 2, 3, 2, 3, 2, 3, 2, 3, 2, 3, 2, 3, 2, 3, 2, 3, 2, 3, 2, 3, 2, 3, 2, 3, 2, 3, 2, 3, 2, 3, 2, 3, 2, 3, 2, 3, 2, 3, 2, 3, 2, 3, 2, 3, 2, 3, 2, 3, 2, 3, 2, 3, 2, 3, 2, 3, 2, 3, 2, 3, 2, 3, 2, 3, 2, 3, 2, 3, 2, 3, 2, 3, 2, 3, 2, 3, 2, 3, 2, 3, 2, 3, 2, 3, 2, 3, 2, 3, 2, 3, 2, 3, 2, 3, 2, 3, 2, 3, 2, 3, 2, 3, 2, 3, 2, 3, 2, 3, 2, 3, 2, 3, 2, 3, 2, 3, 2, 3, 2, 3, 2, 3, 2, 3, 2, 3, 2, 3, 2, 3, 2, 3, 2, 3, 2, 3, 2, 3, 2, 3, 2, 3, 2, 3, 2, 3, 2, 3, 2, 3, 2, 3, 2, 3, 2, 3, 2, 3, 2, 3, 2, 3, 2, 3, 2, 3, 2, 3, 2, 3, 2, 3, 2, 3, 2, 3, 2, 3, 2, 3, 2, 3, 2, 3, 2, 3, 2, 3, 2, 3, 2, 3, 2, 3, 2, 3, 2, 3, 2, 3, 2, 3, 2, 3, 2, 3, 2, 3, 2, 3, 2, 3, 2, 3, 2, 3, 2, 3, 2, 3, 2, 3, 2, 3, 2, 3, 2, 3, 2, 3, 2, 3, 2, 3, 2, 3, 2, 3, 2, 3, 2, 3, 2, 3, 2, 3, 2, 3, 2, 3, 2, 3, 2, 3, 2, 3, 2, 3, 2, 3, 2, 3, 2, 3, 2, 3, 2, 3, 2, 3, 2, 3, 2, 3, 2, 3, 2, 3, 2, 3, 2, 3, 2, 3, 2, 3, 2, 3, 2, 3, 2, 3, 2, 3, 2, 3, 2, 3, 2, 3, 2, 3, 2, 3, 2, 3, 2, 3, 2, 3, 2, 3, 2, 3, 2, 3, 2, 3, 2, 3, 2, 3, 2, 3, 2, 3, 2, 3, 2, 3, 2, 3, 2, 3, 2, 3, 2, 3, 2, 3, 2, 3, 2, 3, 2, 3, 2, 3, 2, 3, 2, 3, 2, 3, 2, 3, 2, 3, 2, 3, 2, 3, 2, 3, 2, 3, 2, 3, 2, 3, 2, 3, 2, 3, 2, 3, 2, 3, 2, 3, 2, 3, 2, 3, 2, 3, 2, 3, 2, 3, 2, 3, 2, 3, 2, 3, 2, 3, 2, 3, 2, 3, 2, 3, 2, 3, 2, 3, 2, 3, 2, 3, 2, 3, 2, 3, 2, 3, 2, 3, 2, 3, 2, 3, 2, 3, 2, 3, 2, 3, 2, 3, 2, 3, 2, 3, 2, 3, 2, 3, 2, 3, 2, 3, 2, 3, 2, 3, 2, 3, 2, 3, 2, 3, 2, 3, 2, 3, 2, 3, 2, 3, 2, 3, 2, 3, 2, 3, 2, 3, 2, 3, 2, 3, 2, 3, 2, 3, 2, 3, 2, 3, 2, 3, 2, 3, 2, 3, 2, 3, 2, 3, 2, 3, 2, 3, 2, 3, 2, 3, 2, 3, 2, 3, 2, 3, 2, 3, 2, 3, 2, 3, 2, 3, 2, 3, 2, 3, 2, 3, 2, 3, 2, 3, 2, 3, 2, 3, 2, 3, 2, 3, 2, 3, 2, 3, 2, 3, 2, 3, 2, 3, 2, 3, 2, 3, 2, 3, 2, 3, 2, 3, 2, 3, 2, 3, 2, 3, 2, 3, 2, 3, 2, 3, 2, 3, 2, 3, 2, 3, 2, 3, 2, 3, 2, 3, 2, 3, 2, 3, 2, 3, 2, 3, 2, 3, 2, 3, 2, 3, 2, 3, 2, 3, 2, 3, 2, 3, 2, 3, 2, 3, 2, 3, 2, 3, 2, 3, 2, 3, 2, 3, 2, 3, 2, 3, 2, 3, 2, 3, 2, 3, 2, 3, 2, 3, 2, 3, 2, 3, 2, 3, 2, 3, 2, 3, 2, 3, 2, 3, 2, 3, 2, 3, 2, 3, 2, 3, 2, 3, 2, 3, 2, 3, 2, 3, 2, 3, 2, 3, 2, 3, 2, 3, 2, 3, 2, 3, 2, 3, 2, 3, 2, 3, 2, 3, 2, 3, 2, 3, 2, 3, 2, 3, 2, 3, 2, 3, 2, 3, 2, 3, 2, 3, 2, 3, 2, 3, 2, 3, 2, 3, 2, 3, 2, 3, 2, 3, 2, 3, 2, 3, 2, 3, 2, 3, 2, 3, 2, 3, 2, 3, 2, 3, 2, 3, 2, 3, 2, 3, 2, 3, 2, 3, 2, 3, 2, 3, 2, 3, 2, 3, 2, 3, 2, 3, 2, 3, 2, 3, 2, 3, 2, 3, 2, 3, 2, 3, 2, 3, 2, 3, 2, 3, 2, 3, 2, 3, 2, 3, 2, 3, 2, 3, 2, 3, 2, 3, 2, 3, 2, 3, 2, 3, 2, 3, 2, 3, 2, 3, 2, 3, 2, 3, 2, 3, 2, 3, 2, 3, 2, 3, 2, 3, 2, 3, 2, 3, 2, 3, 2, 3, 2, 3, 2, 3, 2, 3, 2, 3, 2, 3, 2, 3, 2, 3, 2, 3, 2, 3, 2, 3, 2, 3, 2, 3, 2, 3, 2, 3, 2, 3, 2, 3, 2, 3, 2, 3, 2, 3, 2, 3, 2, 3, 2, 3, 2, 3, 2, 3, 2, 3, 2, 3, 2, 3, 2, 3, 2, 3, 2, 3, 2, 3, 2, 3, 2, 3, 2, 3, 2, 3, 2, 3, 2, 3, 2, 3, 2, 3, 2, 3, 2, 3, 2, 3, 2, 3, 2, 3, 2, 3, 2, 3, 2, 3, 2, 3, 2, 3, 2, 3, 2, 3, 2, 3, 2, 3, 2, 3, 2, 3, 2, 3, 2, 3, 2, 3, 2, 3, 2, 3, 2, 3, 2, 3, 2, 3, 2, 3, 2, 3, 2, 3, 2, 3, 2, 3, 2, 3, 2, 3, 2, 3, 2, 3, 2, 3, 2, 3, 2, 3, 2, 3, 2, 3, 2, 3, 2, 3, 2, 3, 2, 3, 2, 3, 2, 3, 2, 3, 2, 3, 2, 3, 2, 3, 2, 3, 2, 3, 2, 3, 2, 3, 2, 3, 2, 3, 2, 3, 2, 3, 2, 3, 2, 3, 2, 3, 2, 3, 2, 3, 2, 3, 2, 3, 2, 3, 2, 3, 2, 3, 2, 3, 2, 3, 2, 3, 2, 3, 2, ","[28, 3, 4, 29, 19]",False,0.004374240583232078
Rectangle,OOP_prepared,"[29, 30, 31, 32, 2, 3, 4, 10, 16, 13, 19, 22]","[29, 3, 4, 30, 10, 31, 16, 32, 22]",False,0.6410256410256411
Rectangle,OOP_prepared,"[29, 30, 2, 3, 2, 3, 2, 3, 2, 3, 2, 3, 2, 3, 2, 3, 2, 3, 2, 3, 2, 3, 2, 3, 2, 3, 2, 3, 2, 3, 2, 3, 2, 3, 2, 3, 2, 3, 2, 3, 2, 3, 2, 3, 2, 3, 2, 3, 2, 3, 2, 3, 2, 3, 2, 3, 2, 3, 2, 3, 2, 3, 2, 3, 2, 3, 2, 3, 2, 3, 2, 3, 2, 3, 2, 3, 2, 3, 2, 3, 2, 3, 2, 3, 2, 3, 2, 3, 2, 3, 2, 3, 2, 3, 2, 3, 2, 3, 2, 3, 2, 3, 2, 3, 2, 3, 2, 3, 2, 3, 2, 3, 2, 3, 2, 3, 2, 3, 2, 3, 2, 3, 2, 3, 2, 3, 2, 3, 2, 3, 2, 3, 2, 3, 2, 3, 2, 3, 2, 3, 2, 3, 2, 3, 2, 3, 2, 3, 2, 3, 2, 3, 2, 3, 2, 3, 2, 3, 2, 3, 2, 3, 2, 3, 2, 3, 2, 3, 2, 3, 2, 3, 2, 3, 2, 3, 2, 3, 2, 3, 2, 3, 2, 3, 2, 3, 2, 3, 2, 3, 2, 3, 2, 3, 2, 3, 2, 3, 2, 3, 2, 3, 2, 3, 2, 3, 2, 3, 2, 3, 2, 3, 2, 3, 2, 3, 2, 3, 2, 3, 2, 3, 2, 3, 2, 3, 2, 3, 2, 3, 2, 3, 2, 3, 2, 3, 2, 3, 2, 3, 2, 3, 2, 3, 2, 3, 2, 3, 2, 3, 2, 3, 2, 3, 2, 3, 2, 3, 2, 3, 2, 3, 2, 3, 2, 3, 2, 3, 2, 3, 2, 3, 2, 3, 2, 3, 2, 3, 2, 3, 2, 3, 2, 3, 2, 3, 2, 3, 2, 3, 2, 3, 2, 3, 2, 3, 2, 3, 2, 3, 2, 3, 2, 3, 2, 3, 2, 3, 2, 3, 2, 3, 2, 3, 2, 3, 2, 3, 2, 3, 2, 3, 2, 3, 2, 3, 2, 3, 2, 3, 2, 3, 2, 3, 2, 3, 2, 3, 2, 3, 2, 3, 2, 3, 2, 3, 2, 3, 2, 3, 2, 3, 2, 3, 2, 3, 2, 3, 2, 3, 2, 3, 2, 3, 2, 3, 2, 3, 2, 3, 2, 3, 2, 3, 2, 3, 2, 3, 2, 3, 2, 3, 2, 3, 2, 3, 2, 3, 2, 3, 2, 3, 2, 3, 2, 3, 2, 3, 2, 3, 2, 3, 2, 3, 2, 3, 2, 3, 2, 3, 2, 3, 2, 3, 2, 3, 2, 3, 2, 3, 2, 3, 2, 3, 2, 3, 2, 3, 2, 3, 2, 3, 2, 3, 2, 3, 2, 3, 2, 3, 2, 3, 2, 3, 2, 3, 2, 3, 2, 3, 2, 3, 2, 3, 2, 3, 2, 3, 2, 3, 2, 3, 2, 3, 2, 3, 2, 3, 2, 3, 2, 3, 2, 3, 2, 3, 2, 3, 2, 3, 2, 3, 2, 3, 2, 3, 2, 3, 2, 3, 2, 3, 2, 3, 2, 3, 2, 3, 2, 3, 2, 3, 2, 3, 2, 3, 2, 3, 2, 3, 2, 3, 2, 3, 2, 3, 2, 3, 2, 3, 2, 3, 2, 3, 2, 3, 2, 3, 2, 3, 2, 3, 2, 3, 2, 3, 2, 3, 2, 3, 2, 3, 2, 3, 2, 3, 2, 3, 2, 3, 2, 3, 2, 3, 2, 3, 2, 3, 2, 3, 2, 3, 2, 3, 2, 3, 2, 3, 2, 3, 2, 3, 2, 3, 2, 3, 2, 3, 2, 3, 2, 3, 2, 3, 2, 3, 2, 3, 2, 3, 2, 3, 2, 3, 2, 3, 2, 3, 2, 3, 2, 3, 2, 3, 2, 3, 2, 3, 2, 3, 2, 3, 2, 3, 2, 3, 2, 3, 2, 3, 2, 3, 2, 3, 2, 3, 2, 3, 2, 3, 2, 3, 2, 3, 2, 3, 2, 3, 2, 3, 2, 3, 2, 3, 2, 3, 2, 3, 2, 3, 2, 3, 2, 3, 2, 3, 2, 3, 2, 3, 2, 3, 2, 3, 2, 3, 2, 3, 2, 3, 2, 3, 2, 3, 2, 3, 2, 3, 2, 3, 2, 3, 2, 3, 2, 3, 2, 3, 2, 3, 2, 3, 2, 3, 2, 3, 2, 3, 2, 3, 2, 3, 2, 3, 2, 3, 2, 3, 2, 3, 2, 3, 2, 3, 2, 3, 2, 3, 2, 3, 2, 3, 2, 3, 2, 3, 2, 3, 2, 3, 2, 3, 2, 3, 2, 3, 2, 3, 2, 3, 2, 3, 2, 3, 2, 3, 2, 3, 2, 3, 2, 3, 2, 3, 2, 3, 2, 3, 2, 3, 2, 3, 2, 3, 2, 3, 2, 3, 2, 3, 2, 3, 2, 3, 2, 3, 2, 3, 2, 3, 2, 3, 2, 3, 2, 3, 2, 3, 2, 3, 2, 3, 2, 3, 2, 3, 2, 3, 2, 3, 2, 3, 2, 3, 2, 3, 2, 3, 2, 3, 2, 3, 2, 3, 2, 3, 2, 3, 2, 3, 2, 3, 2, 3, 2, 3, 2, 3, 2, 3, 2, 3, 2, 3, 2, 3, 2, 3, 2, 3, 2, 3, 2, 3, 2, 3, 2, 3, 2, 3, 2, 3, 2, 3, 2, 3, 2, 3, 2, 3, 2, 3, 2, 3, 2, 3, 2, 3, 2, 3, 2, 3, 2, 3, 2, 3, 2, 3, 2, 3, 2, 3, 2, 3, 2, 3, 2, 3, 2, 3, 2, 3, 2, 3, 2, 3, 2, 3, 2, 3, 2, 3, 2, 3, 2, 3, 2, 3, 2, 3, 2, 3, 2, 3, 2, 3, 2, 3, 2, 3, 2, 3, 2, 3, 2, 3, 2, 3, 2, 3, 2, 3, 2, 3, 2, 3, 2, 3, 2, 3, 2, 3, 2, 3, 2, 3, 2, 3, 2, 3, 2, 3, 2, 3, 2, 3, 2, 3, 2, 3, 2, 3, 2, 3, 2, 3, 2, 3, 2, 3, 2, 3, 2, 3, 2, 3, 2, 3, 2, 3, 2, 3, 2, 3, 2, 3, 2, 3, 2, 3, 2, 3, 2, 3, 2, 3, 2, 3, 2, 3, 2, 3, 2, 3, 2, 3, 2, 3, 2, 3, 2, 3, 2, 3, 2, 3, 2, 3, 2, 3, 2, 3, 2, 3, 2, 3, 2, 3, 2, 3, 2, 3, 2, 3, 2, 3, 2, 3, 2, 3, 2, 3, 2, 3, 2, 3, 2, 3, 2, 3, 2, 3, 2, 3, 2, 3, 2, 3, 2, 3, 2, 3, 2, 3, 2, 3, 2, 3, 2, 3, 2, 3, 2, 3, 2, 3, 2, 3, 2, 3, 2, 3, 2, 3, 2, 3, 2, 3, 2, 3, 2, 3, 2, 3, 2, 3, 2, 3, 2, 3, 2, 3, 2, 3, 2, 3, 2, 3, 2, 3, 2, 3, 2, 3, 2, 3, 2, 3, 2, 3, 2, 3, 2, 3, 2, 3, 2, 3, 2, 3, 2, 3, 2, 3, 2, 3, 2, 3, 2, 3, 2, 3, 2, 3, 2, 3, 2, 3, 2, 3, 2, 3, 2, 3, 2, 3, 2, 3, 2, 3, 2, 3, 2, 3, 2, 3, 2, 3, 2, 3, 2, 3, 2, 3, 2, 3, 2, 3, 2, 3, 2, 3, 2, 3, 2, 3, 2, 3, 2, 3, 2, 3, 2, 3, 2, 3, 2, 3, 2, 3, 2, 3, 2, 3, 2, 3, 2, 3, 2, 3, 2, 3, 2, 3, 2, 3, 2, 3, 2, 3, 2, 3, 2, 3, 2, 3, 2, 3, 2, 3, 2, 3, 2, 3, 2, 3, 2, 3, 2, 3, 2, 3, 2, 3, 2, 3, 2, 3, 2, 3, 2, 3, 2, 3, 2, 3, 2, 3, 2, 3, 2, 3, 2, 3, 2, 3, 2, 3, 2, 3, 2, 3, 2, 3, 2, 3, 2, 3, 2, 3, 2, 3, 2, 3, 2, 3, 2, 3, 2, 3, 2, 3, 2, 3, 2, 3, 2, 3, 2, 3, 2, 3, 2, 3, 2, 3, 2, 3, 2, 3, 2, 3, 2, 3, 2, 3, 2, 3, 2, 3, 2, 3, 2, 3, 2, 3, 2, 3, 2, 3, 2, 3, 2, 3, 2, 3, 2, 3, 2, 3, 2, 3, 2, 3, 2, 3, 2, 3, 2, 3, 2, 3, 2, 3, 2, 3, 2, 3, 2, 3, 2, 3, 2, 3, 2, ","[29, 3, 4, 30, 25]",False,0.004860267314702308
Rectangle,OOP_prepared,"[28, 29, 30, 3, 4, 18, 19]","[28, 3, 4, 29, 10, 30, 19]",False,0.6666666666666666
Rectangle,OOP_prepared,"[29, 30, 2, 3, 2, 3, 2, 3, 2, 3, 2, 3, 2, 3, 2, 3, 2, 3, 2, 3, 2, 3, 2, 3, 2, 3, 2, 3, 2, 3, 2, 3, 2, 3, 2, 3, 2, 3, 2, 3, 2, 3, 2, 3, 2, 3, 2, 3, 2, 3, 2, 3, 2, 3, 2, 3, 2, 3, 2, 3, 2, 3, 2, 3, 2, 3, 2, 3, 2, 3, 2, 3, 2, 3, 2, 3, 2, 3, 2, 3, 2, 3, 2, 3, 2, 3, 2, 3, 2, 3, 2, 3, 2, 3, 2, 3, 2, 3, 2, 3, 2, 3, 2, 3, 2, 3, 2, 3, 2, 3, 2, 3, 2, 3, 2, 3, 2, 3, 2, 3, 2, 3, 2, 3, 2, 3, 2, 3, 2, 3, 2, 3, 2, 3, 2, 3, 2, 3, 2, 3, 2, 3, 2, 3, 2, 3, 2, 3, 2, 3, 2, 3, 2, 3, 2, 3, 2, 3, 2, 3, 2, 3, 2, 3, 2, 3, 2, 3, 2, 3, 2, 3, 2, 3, 2, 3, 2, 3, 2, 3, 2, 3, 2, 3, 2, 3, 2, 3, 2, 3, 2, 3, 2, 3, 2, 3, 2, 3, 2, 3, 2, 3, 2, 3, 2, 3, 2, 3, 2, 3, 2, 3, 2, 3, 2, 3, 2, 3, 2, 3, 2, 3, 2, 3, 2, 3, 2, 3, 2, 3, 2, 3, 2, 3, 2, 3, 2, 3, 2, 3, 2, 3, 2, 3, 2, 3, 2, 3, 2, 3, 2, 3, 2, 3, 2, 3, 2, 3, 2, 3, 2, 3, 2, 3, 2, 3, 2, 3, 2, 3, 2, 3, 2, 3, 2, 3, 2, 3, 2, 3, 2, 3, 2, 3, 2, 3, 2, 3, 2, 3, 2, 3, 2, 3, 2, 3, 2, 3, 2, 3, 2, 3, 2, 3, 2, 3, 2, 3, 2, 3, 2, 3, 2, 3, 2, 3, 2, 3, 2, 3, 2, 3, 2, 3, 2, 3, 2, 3, 2, 3, 2, 3, 2, 3, 2, 3, 2, 3, 2, 3, 2, 3, 2, 3, 2, 3, 2, 3, 2, 3, 2, 3, 2, 3, 2, 3, 2, 3, 2, 3, 2, 3, 2, 3, 2, 3, 2, 3, 2, 3, 2, 3, 2, 3, 2, 3, 2, 3, 2, 3, 2, 3, 2, 3, 2, 3, 2, 3, 2, 3, 2, 3, 2, 3, 2, 3, 2, 3, 2, 3, 2, 3, 2, 3, 2, 3, 2, 3, 2, 3, 2, 3, 2, 3, 2, 3, 2, 3, 2, 3, 2, 3, 2, 3, 2, 3, 2, 3, 2, 3, 2, 3, 2, 3, 2, 3, 2, 3, 2, 3, 2, 3, 2, 3, 2, 3, 2, 3, 2, 3, 2, 3, 2, 3, 2, 3, 2, 3, 2, 3, 2, 3, 2, 3, 2, 3, 2, 3, 2, 3, 2, 3, 2, 3, 2, 3, 2, 3, 2, 3, 2, 3, 2, 3, 2, 3, 2, 3, 2, 3, 2, 3, 2, 3, 2, 3, 2, 3, 2, 3, 2, 3, 2, 3, 2, 3, 2, 3, 2, 3, 2, 3, 2, 3, 2, 3, 2, 3, 2, 3, 2, 3, 2, 3, 2, 3, 2, 3, 2, 3, 2, 3, 2, 3, 2, 3, 2, 3, 2, 3, 2, 3, 2, 3, 2, 3, 2, 3, 2, 3, 2, 3, 2, 3, 2, 3, 2, 3, 2, 3, 2, 3, 2, 3, 2, 3, 2, 3, 2, 3, 2, 3, 2, 3, 2, 3, 2, 3, 2, 3, 2, 3, 2, 3, 2, 3, 2, 3, 2, 3, 2, 3, 2, 3, 2, 3, 2, 3, 2, 3, 2, 3, 2, 3, 2, 3, 2, 3, 2, 3, 2, 3, 2, 3, 2, 3, 2, 3, 2, 3, 2, 3, 2, 3, 2, 3, 2, 3, 2, 3, 2, 3, 2, 3, 2, 3, 2, 3, 2, 3, 2, 3, 2, 3, 2, 3, 2, 3, 2, 3, 2, 3, 2, 3, 2, 3, 2, 3, 2, 3, 2, 3, 2, 3, 2, 3, 2, 3, 2, 3, 2, 3, 2, 3, 2, 3, 2, 3, 2, 3, 2, 3, 2, 3, 2, 3, 2, 3, 2, 3, 2, 3, 2, 3, 2, 3, 2, 3, 2, 3, 2, 3, 2, 3, 2, 3, 2, 3, 2, 3, 2, 3, 2, 3, 2, 3, 2, 3, 2, 3, 2, 3, 2, 3, 2, 3, 2, 3, 2, 3, 2, 3, 2, 3, 2, 3, 2, 3, 2, 3, 2, 3, 2, 3, 2, 3, 2, 3, 2, 3, 2, 3, 2, 3, 2, 3, 2, 3, 2, 3, 2, 3, 2, 3, 2, 3, 2, 3, 2, 3, 2, 3, 2, 3, 2, 3, 2, 3, 2, 3, 2, 3, 2, 3, 2, 3, 2, 3, 2, 3, 2, 3, 2, 3, 2, 3, 2, 3, 2, 3, 2, 3, 2, 3, 2, 3, 2, 3, 2, 3, 2, 3, 2, 3, 2, 3, 2, 3, 2, 3, 2, 3, 2, 3, 2, 3, 2, 3, 2, 3, 2, 3, 2, 3, 2, 3, 2, 3, 2, 3, 2, 3, 2, 3, 2, 3, 2, 3, 2, 3, 2, 3, 2, 3, 2, 3, 2, 3, 2, 3, 2, 3, 2, 3, 2, 3, 2, 3, 2, 3, 2, 3, 2, 3, 2, 3, 2, 3, 2, 3, 2, 3, 2, 3, 2, 3, 2, 3, 2, 3, 2, 3, 2, 3, 2, 3, 2, 3, 2, 3, 2, 3, 2, 3, 2, 3, 2, 3, 2, 3, 2, 3, 2, 3, 2, 3, 2, 3, 2, 3, 2, 3, 2, 3, 2, 3, 2, 3, 2, 3, 2, 3, 2, 3, 2, 3, 2, 3, 2, 3, 2, 3, 2, 3, 2, 3, 2, 3, 2, 3, 2, 3, 2, 3, 2, 3, 2, 3, 2, 3, 2, 3, 2, 3, 2, 3, 2, 3, 2, 3, 2, 3, 2, 3, 2, 3, 2, 3, 2, 3, 2, 3, 2, 3, 2, 3, 2, 3, 2, 3, 2, 3, 2, 3, 2, 3, 2, 3, 2, 3, 2, 3, 2, 3, 2, 3, 2, 3, 2, 3, 2, 3, 2, 3, 2, 3, 2, 3, 2, 3, 2, 3, 2, 3, 2, 3, 2, 3, 2, 3, 2, 3, 2, 3, 2, 3, 2, 3, 2, 3, 2, 3, 2, 3, 2, 3, 2, 3, 2, 3, 2, 3, 2, 3, 2, 3, 2, 3, 2, 3, 2, 3, 2, 3, 2, 3, 2, 3, 2, 3, 2, 3, 2, 3, 2, 3, 2, 3, 2, 3, 2, 3, 2, 3, 2, 3, 2, 3, 2, 3, 2, 3, 2, 3, 2, 3, 2, 3, 2, 3, 2, 3, 2, 3, 2, 3, 2, 3, 2, 3, 2, 3, 2, 3, 2, 3, 2, 3, 2, 3, 2, 3, 2, 3, 2, 3, 2, 3, 2, 3, 2, 3, 2, 3, 2, 3, 2, 3, 2, 3, 2, 3, 2, 3, 2, 3, 2, 3, 2, 3, 2, 3, 2, 3, 2, 3, 2, 3, 2, 3, 2, 3, 2, 3, 2, 3, 2, 3, 2, 3, 2, 3, 2, 3, 2, 3, 2, 3, 2, 3, 2, 3, 2, 3, 2, 3, 2, 3, 2, 3, 2, 3, 2, 3, 2, 3, 2, 3, 2, 3, 2, 3, 2, 3, 2, 3, 2, 3, 2, 3, 2, 3, 2, 3, 2, 3, 2, 3, 2, 3, 2, 3, 2, 3, 2, 3, 2, 3, 2, 3, 2, 3, 2, 3, 2, 3, 2, 3, 2, 3, 2, 3, 2, 3, 2, 3, 2, 3, 2, 3, 2, 3, 2, 3, 2, 3, 2, 3, 2, 3, 2, 3, 2, 3, 2, 3, 2, 3, 2, 3, 2, 3, 2, 3, 2, 3, 2, 3, 2, 3, 2, 3, 2, 3, 2, 3, 2, 3, 2, 3, 2, 3, 2, 3, 2, 3, 2, 3, 2, 3, 2, 3, 2, 3, 2, 3, 2, 3, 2, 3, 2, 3, 2, 3, 2, 3, 2, 3, 2, 3, 2, 3, 2, 3, 2, 3, 2, 3, 2, 3, 2, 3, 2, 3, 2, 3, 2, 3, 2, 3, 2, 3, 2, 3, 2, 3, 2, 3, 2, 3, 2, 3, 2, 3, 2, 3, 2, 3, 2, 3, 2, 3, 2, 3, 2, ","[29, 3, 4, 30, 22]",False,0.004860267314702308
Resizable,OOP_prepared,"[49, 50, 51, 52, 53, 1, 14, 15, 17, 18, 19, 21, 22, 23, 25, 26, 28, 29, 30, 31, 32, 34, 35, 36, 40, 41, 43, 44, 46, 47]","[50, 15, 51, 26, 52, 32, 53, 29]",False,0.22
Resizable,OOP_prepared,"[49, 50, 51, 52, 53, 55, 56, 57, 46, 47, 56, 44, 57, 46, 47]","[50, 15, 51, 26, 52, 32, 53, 29, 55, 41, 15, 56, 44, 26, 57, 47, 58, 44, 26]",False,0.6888888888888889
Resizable,OOP_prepared,"[49, 50, 51, 52, 53, 55, 56, 46, 47, 56, 57, 56, 58, 60, 61, 62, 63]","[50, 15, 51, 26, 52, 32, 53, 29, 55, 41, 15, 56, 44, 26, 57, 47, 58, 44, 26, 60, 61, 44, 26, 62, 32, 63, 29]",False,0.68
Resizable,OOP_prepared,"[50, 51, 43, 44, 46, 47, 52, 28, 29, 31, 32, 54]","[50, 41, 15, 51, 47, 52, 44, 26, 53, 29, 54, 32]",False,0.7473684210526316
Resizable,OOP_prepared,"[50, 51, 46, 47, 51, 55, 56, 28, 29, 31, 32]","[50, 41, 15, 51, 44, 26, 52, 47, 53, 44, 26, 55, 15, 56, 23, 57, 29, 58, 32]",False,0.6974789915966386
Shape_2,OOP_prepared,"[96, 50, 51, 52, 35, 36, 97]","[96, 32, 5, 6, 33, 97, 36]",False,0.660377358490566
Shape_2,OOP_prepared,"[96, 97, 51, 52, 66, 69, 72, 99, 51, 52, 72]","[96, 50, 5, 6, 51, 52, 97, 67, 98, 70, 99, 73, 27]",False,0.7741935483870968
Shape_2,OOP_prepared,"[96, 97, 98, 99, 32, 33, 35, 36, 38, 39, 41, 42, 26, 27, 3, 4, 5, 6, 8, 9, 11, 12, 14, 15, 17, 18, 20, 21, 23, 24, 26, 27]","[96, 32, 5, 6, 33, 97, 36, 98, 39, 99, 42, 27]",False,0.16167664670658682
Shape_2,OOP_prepared,"[96, 97, 98, 99, 100, 78, 80, 81, 82, 84, 85, 88, 89, 91, 92, 32, 33, 35, 36, 41, 42, 44, 45]","[96, 78, 50, 5, 6, 51, 52, 97, 12, 98, 67, 99, 9, 100, 92, 73, 27]",False,0.3987341772151899
Shape_2,OOP_prepared,"[96, 97, 98, 99, 100, 101, 50, 51, 52, 54, 55, 60, 61, 66, 69, 72, 26, 27, 4, 5, 30, 31, 32, 33, 35, 36, 38, 39, 41, 42, 23, 24]","[96, 50, 5, 6, 51, 52, 97, 64, 98, 58, 99, 67, 100, 70, 101, 73, 27]",False,0.1794871794871795
Shape,OOP_prepared,"[94, 95, 96, 29, 30, 32, 33, 97, 98]","[95, 26, 5, 6, 27, 96, 39, 21, 97, 30, 98, 33]",False,0.6296296296296297
Shape,OOP_prepared,"[85, 86, 44, 45, 46, 48, 49, 54, 55, 60, 63, 87, 21, 88, 30, 89, 21]","[86, 44, 5, 6, 45, 46, 87, 67, 21, 88, 61, 89, 64]",False,0.7008547008547008
Shape,OOP_prepared,"[86, 87, 30, 33, 88, 89]","[86, 26, 5, 6, 27, 87, 39, 21, 88, 30, 89, 33]",False,0.6376811594202898
Shape,OOP_prepared,"[86, 87, 48, 49, 54, 55, 60, 63, 75, 75, 78, 79, 81, 82]","[86, 72, 44, 5, 6, 45, 46, 87, 82, 67, 21, 88, 61, 89, 64]",False,0.3805309734513274
Shape,OOP_prepared,"[86, 87, 88, 29, 30, 32, 33, 89, 90]","[86, 26, 5, 6, 27, 87, 36, 88, 39, 21, 89, 30, 90, 33]",False,0.5955056179775281
SubClasses,OOP_prepared,"[87, 53, 54, 55, 56, 57, 59, 60, 61, 63, 64, 59, 60, 61, 71, 72, 75, 76, 77, 79, 80, 83, 84, 88, 53, 54, 55, 56, 57, 59, 60, 61, 63, 64, 67, 68, 69, 71, 72, 75, 76, 77, 79, 80, 83, 84]","[87, 54, 3, 4, 55, 56, 57, 88, 84, 23]",False,0.07692307692307693
SubClasses,OOP_prepared,"[88, 3, 4, 89, 12, 90, 20, 91, 23]","[88, 3, 4, 89, 12, 90, 20, 91, 23]",True,1.0
SubClasses,OOP_prepared,"[87, 28, 29, 30, 32, 34, 35, 37, 38, 40, 42, 43, 45, 46, 48, 49, 88, 28, 29, 30, 32, 34, 35, 37, 38, 40, 42, 43, 45, 46, 48, 49]","[87, 28, 3, 4, 29, 30, 88, 49, 23]",False,0.12422360248447205
SubClasses,OOP_prepared,"[88, 54, 55, 56, 57, 59, 61, 59, 61, 63, 65, 67, 69, 71, 73, 75, 77, 79, 81, 83, 84, 89, 54, 55, 56, 57]","[88, 54, 3, 4, 55, 56, 57, 89, 84, 23]",False,0.2765957446808511
SubClasses,OOP_prepared,"[88, 89, 90, 91, 28, 29, 30, 32, 34, 36, 38, 40, 42, 44, 46]","[88, 28, 3, 4, 29, 30, 89, 38, 90, 46, 91, 49, 23]",False,0.7339449541284404
TestBigInteger,OOP_prepared,"[8, 9, 10, 11]","[9, 10, 11]",False,0.875
TestBigInteger,OOP_prepared,"[3, 5, 6, 8, 9, 10, 11]","[9, 10, 11]",False,0.6363636363636364
TestBigInteger,OOP_prepared,"[8, 9, 4, 5, 6]","[9, 4, 5, 6]",False,0.8846153846153846
TestBigInteger,OOP_prepared,"[8, 9, 4, 5, 6]","[9, 4, 5, 6]",False,0.8846153846153846
TestBigInteger,OOP_prepared,"[11, 4, 5, 6, 9, 10, 4, 5, 6, 9, 10, 4, 5, 6]","[9, 10, 11, 4, 5, 6]",False,0.390625
Time,OOP_prepared,"[65, 66, 67, 32, 33, 34, 35, 36, 37, 38, 39, 40, 41, 42]","[66, 5, 6, 7, 67, 33, 34, 42, 57, 58, 59, 63]",False,0.7
Time,OOP_prepared,"[65, 66, 67, 32, 33, 34, 35, 36, 37, 38, 39, 40, 41, 42, 68, 44, 45, 46, 47, 48, 49, 50, 51, 52, 53, 54]","[66, 5, 6, 7, 67, 33, 34, 35, 36, 37, 38, 39, 40, 41, 42, 57, 58, 59, 63, 68, 45, 46, 47, 48, 49, 50, 51, 52, 53, 54, 57, 58, 59, 63]",False,0.2796610169491525
Time,OOP_prepared,"[65, 66, 67, 68, 56, 57, 58, 59, 60, 61, 62, 63, 56, 57, 58, 59, 60, 61, 62, 63, 56, 57, 58, 59, 60, 61, 62, 63]","[66, 5, 6, 7, 67, 28, 29, 30, 68, 57, 58, 59, 63]",False,0.11875
Time,OOP_prepared,"[65, 66, 67, 68, 69, 70, 56, 57, 58, 59, 60, 61, 62, 63, 44, 45, 46, 47, 48, 49, 50, 51, 52, 53, 54, 32, 33, 34, 35, 36, 37, 38, 39, 40, 41, 42]","[66, 5, 6, 7, 67, 13, 68, 19, 69, 25, 70, 45, 46, 54, 57, 58, 59, 63]",False,0.05660377358490566
Time,OOP_prepared,"[67, 68, 69, 33, 34, 35, 36, 37, 38, 39, 40, 42, 57, 59, 60, 61, 62, 63]","[67, 5, 6, 7, 68, 28, 29, 30, 69, 33, 34, 42, 57, 58, 59, 63]",False,0.5757575757575758
